date,campaign_id,campaign_name,ad_group_id,ad_group_name,ad_group_status,ad_group_type,cpc_bid,impressions,clicks,cost,conversions,conversions_value,avg_cpc
2025-04-18,22180269024,Roofing Services 2025 - ECT/OCS,174397650916,Roof Repairs,PAUSED,SEARCH_STANDARD,0.01,47,3,65.244344,0.0,0.0,21.74811466666667
2025-04-18,22180269024,Roofing Services 2025 - ECT/OCS,175978645804,Local Roofing Contractors,ENABLED,SEARCH_STANDARD,0.01,72,4,23.05,0.0,0.0,5.7625
2025-04-18,22180269024,Roofing Services 2025 - ECT/OCS,177405346074,Roof Inspections & Estimates,PAUSED,SEARCH_STANDARD,0.01,34,1,5.49,0.0,0.0,5.49
2025-04-18,22180269024,Roofing Services 2025 - ECT/OCS,180002095411,New Roof Installation,ENABLED,SEARCH_STANDARD,0.01,42,1,5.37,0.0,0.0,5.37
2025-04-19,22180269024,Roofing Services 2025 - ECT/OCS,174397650916,Roof Repairs,PAUSED,SEARCH_STANDARD,0.01,28,3,46.616621,1.0,250.0,15.538873666666666
2025-04-19,22180269024,Roofing Services 2025 - ECT/OCS,175978645804,Local Roofing Contractors,ENABLED,SEARCH_STANDARD,0.01,15,1,10.56,0.0,0.0,10.56
2025-04-19,22180269024,Roofing Services 2025 - ECT/OCS,177405346074,Roof Inspections & Estimates,PAUSED,SEARCH_STANDARD,0.01,15,0,0.0,0.0,0.0,
2025-04-19,22180269024,Roofing Services 2025 - ECT/OCS,180002095411,New Roof Installation,ENABLED,SEARCH_STANDARD,0.01,21,0,0.0,0.0,0.0,
2025-04-20,22180269024,Roofing Services 2025 - ECT/OCS,174397650916,Roof Repairs,PAUSED,SEARCH_STANDARD,0.01,12,0,0.0,0.0,0.0,
2025-04-20,22180269024,Roofing Services 2025 - ECT/OCS,175978645804,Local Roofing Contractors,ENABLED,SEARCH_STANDARD,0.01,4,0,0.0,0.0,0.0,
2025-04-20,22180269024,Roofing Services 2025 - ECT/OCS,177405346074,Roof Inspections & Estimates,PAUSED,SEARCH_STANDARD,0.01,3,1,3.53,0.0,0.0,3.53
2025-04-20,22180269024,Roofing Services 2025 - ECT/OCS,180002095411,New Roof Installation,ENABLED,SEARCH_STANDARD,0.01,10,0,0.0,0.0,0.0,
2025-04-21,22180269024,Roofing Services 2025 - ECT/OCS,174397650916,Roof Repairs,PAUSED,SEARCH_STANDARD,0.01,50,3,25.629185,0.0,0.0,8.543061666666667
2025-04-21,22180269024,Roofing Services 2025 - ECT/OCS,175978645804,Local Roofing Contractors,ENABLED,SEARCH_STANDARD,0.01,66,4,131.911692,1.0,1.0,32.977923
2025-04-21,22180269024,Roofing Services 2025 - ECT/OCS,177405346074,Roof Inspections & Estimates,PAUSED,SEARCH_STANDARD,0.01,14,1,48.86664,0.0,0.0,48.86664
2025-04-21,22180269024,Roofing Services 2025 - ECT/OCS,180002095411,New Roof Installation,ENABLED,SEARCH_STANDARD,0.01,52,1,2.63,0.0,0.0,2.63
2025-04-22,22180269024,Roofing Services 2025 - ECT/OCS,174397650916,Roof Repairs,PAUSED,SEARCH_STANDARD,0.01,26,1,22.29,0.0,0.0,22.29
2025-04-22,22180269024,Roofing Services 2025 - ECT/OCS,175978645804,Local Roofing Contractors,ENABLED,SEARCH_STANDARD,0.01,28,2,15.34,0.0,0.0,7.67
2025-04-22,22180269024,Roofing Services 2025 - ECT/OCS,177405346074,Roof Inspections & Estimates,PAUSED,SEARCH_STANDARD,0.01,10,2,116.17,1.0,1.0,58.085
2025-04-22,22180269024,Roofing Services 2025 - ECT/OCS,180002095411,New Roof Installation,ENABLED,SEARCH_STANDARD,0.01,19,0,0.0,0.0,0.0,
2025-04-23,22180269024,Roofing Services 2025 - ECT/OCS,174397650916,Roof Repairs,PAUSED,SEARCH_STANDARD,0.01,36,1,82.584472,0.0,0.0,82.584472
2025-04-23,22180269024,Roofing Services 2025 - ECT/OCS,175978645804,Local Roofing Contractors,ENABLED,SEARCH_STANDARD,0.01,38,1,16.12,0.0,0.0,16.12
2025-04-23,22180269024,Roofing Services 2025 - ECT/OCS,177405346074,Roof Inspections & Estimates,PAUSED,SEARCH_STANDARD,0.01,8,1,15.71,0.0,0.0,15.71
2025-04-23,22180269024,Roofing Services 2025 - ECT/OCS,180002095411,New Roof Installation,ENABLED,SEARCH_STANDARD,0.01,38,2,29.921295,0.0,0.0,14.9606475
2025-04-24,22180269024,Roofing Services 2025 - ECT/OCS,174397650916,Roof Repairs,PAUSED,SEARCH_STANDARD,0.01,26,1,40.631972,0.0,0.0,40.631972
2025-04-24,22180269024,Roofing Services 2025 - ECT/OCS,175978645804,Local Roofing Contractors,ENABLED,SEARCH_STANDARD,0.01,52,3,83.754726,1.0,1.0,27.918242
2025-04-24,22180269024,Roofing Services 2025 - ECT/OCS,177405346074,Roof Inspections & Estimates,PAUSED,SEARCH_STANDARD,0.01,14,0,0.0,0.0,0.0,
2025-04-24,22180269024,Roofing Services 2025 - ECT/OCS,180002095411,New Roof Installation,ENABLED,SEARCH_STANDARD,0.01,31,0,0.0,0.0,0.0,
2025-04-25,22180269024,Roofing Services 2025 - ECT/OCS,174397650916,Roof Repairs,PAUSED,SEARCH_STANDARD,0.01,87,2,51.72,0.0,0.0,25.86
2025-04-25,22180269024,Roofing Services 2025 - ECT/OCS,175978645804,Local Roofing Contractors,ENABLED,SEARCH_STANDARD,0.01,79,1,7.44,0.0,0.0,7.44
2025-04-25,22180269024,Roofing Services 2025 - ECT/OCS,177405346074,Roof Inspections & Estimates,PAUSED,SEARCH_STANDARD,0.01,32,2,14.64,0.0,0.0,7.32
2025-04-25,22180269024,Roofing Services 2025 - ECT/OCS,180002095411,New Roof Installation,ENABLED,SEARCH_STANDARD,0.01,41,2,15.69,0.0,0.0,7.845
2025-04-26,22180269024,Roofing Services 2025 - ECT/OCS,174397650916,Roof Repairs,PAUSED,SEARCH_STANDARD,0.01,33,2,33.33,0.0,0.0,16.665
2025-04-26,22180269024,Roofing Services 2025 - ECT/OCS,175978645804,Local Roofing Contractors,ENABLED,SEARCH_STANDARD,0.01,33,2,10.13,0.0,0.0,5.065
2025-04-26,22180269024,Roofing Services 2025 - ECT/OCS,177405346074,Roof Inspections & Estimates,PAUSED,SEARCH_STANDARD,0.01,14,1,5.02,0.0,0.0,5.02
2025-04-26,22180269024,Roofing Services 2025 - ECT/OCS,180002095411,New Roof Installation,ENABLED,SEARCH_STANDARD,0.01,25,0,0.0,0.0,0.0,
2025-04-27,22180269024,Roofing Services 2025 - ECT/OCS,174397650916,Roof Repairs,PAUSED,SEARCH_STANDARD,0.01,21,0,0.0,0.0,0.0,
2025-04-27,22180269024,Roofing Services 2025 - ECT/OCS,175978645804,Local Roofing Contractors,ENABLED,SEARCH_STANDARD,0.01,19,2,4.98,0.0,0.0,2.49
2025-04-27,22180269024,Roofing Services 2025 - ECT/OCS,177405346074,Roof Inspections & Estimates,PAUSED,SEARCH_STANDARD,0.01,8,0,0.0,0.0,0.0,
2025-04-27,22180269024,Roofing Services 2025 - ECT/OCS,180002095411,New Roof Installation,ENABLED,SEARCH_STANDARD,0.01,12,2,8.08,0.0,0.0,4.04
2025-04-28,22180269024,Roofing Services 2025 - ECT/OCS,174397650916,Roof Repairs,PAUSED,SEARCH_STANDARD,0.01,88,2,16.32,2.0,350.0,8.16
2025-04-28,22180269024,Roofing Services 2025 - ECT/OCS,175978645804,Local Roofing Contractors,ENABLED,SEARCH_STANDARD,0.01,128,2,17.104684,0.0,0.0,8.552342
2025-04-28,22180269024,Roofing Services 2025 - ECT/OCS,177405346074,Roof Inspections & Estimates,PAUSED,SEARCH_STANDARD,0.01,57,1,14.74,0.0,0.0,14.74
2025-04-28,22180269024,Roofing Services 2025 - ECT/OCS,180002095411,New Roof Installation,ENABLED,SEARCH_STANDARD,0.01,52,2,44.46,1.0,250.0,22.23
2025-04-29,22180269024,Roofing Services 2025 - ECT/OCS,174397650916,Roof Repairs,PAUSED,SEARCH_STANDARD,0.01,68,3,34.77,0.0,0.0,11.59
2025-04-29,22180269024,Roofing Services 2025 - ECT/OCS,175978645804,Local Roofing Contractors,ENABLED,SEARCH_STANDARD,0.01,97,0,0.0,0.0,0.0,
2025-04-29,22180269024,Roofing Services 2025 - ECT/OCS,177405346074,Roof Inspections & Estimates,PAUSED,SEARCH_STANDARD,0.01,28,1,18.63,0.0,0.0,18.63
2025-04-29,22180269024,Roofing Services 2025 - ECT/OCS,180002095411,New Roof Installation,ENABLED,SEARCH_STANDARD,0.01,64,5,119.22328,0.0,0.0,23.844656
2025-04-30,22180269024,Roofing Services 2025 - ECT/OCS,174397650916,Roof Repairs,PAUSED,SEARCH_STANDARD,0.01,44,2,61.517186,1.0,1.0,30.758593
2025-04-30,22180269024,Roofing Services 2025 - ECT/OCS,175978645804,Local Roofing Contractors,ENABLED,SEARCH_STANDARD,0.01,68,2,11.063823,0.0,0.0,5.5319115
2025-04-30,22180269024,Roofing Services 2025 - ECT/OCS,177405346074,Roof Inspections & Estimates,PAUSED,SEARCH_STANDARD,0.01,17,0,0.0,0.0,0.0,
2025-04-30,22180269024,Roofing Services 2025 - ECT/OCS,180002095411,New Roof Installation,ENABLED,SEARCH_STANDARD,0.01,52,1,9.842964,0.0,0.0,9.842964
2025-05-01,22180269024,Roofing Services 2025 - ECT/OCS,174397650916,Roof Repairs,PAUSED,SEARCH_STANDARD,0.01,24,3,27.073172,1.0,1.0,9.024390666666665
2025-05-01,22180269024,Roofing Services 2025 - ECT/OCS,175978645804,Local Roofing Contractors,ENABLED,SEARCH_STANDARD,0.01,42,2,23.189057,0.0,0.0,11.5945285
2025-05-01,22180269024,Roofing Services 2025 - ECT/OCS,177405346074,Roof Inspections & Estimates,PAUSED,SEARCH_STANDARD,0.01,9,0,0.0,0.0,0.0,
2025-05-01,22180269024,Roofing Services 2025 - ECT/OCS,180002095411,New Roof Installation,ENABLED,SEARCH_STANDARD,0.01,22,2,60.670104,0.0,0.0,30.335052
2025-05-02,22180269024,Roofing Services 2025 - ECT/OCS,174397650916,Roof Repairs,PAUSED,SEARCH_STANDARD,0.01,48,2,33.91,0.0,0.0,16.955
2025-05-02,22180269024,Roofing Services 2025 - ECT/OCS,175978645804,Local Roofing Contractors,ENABLED,SEARCH_STANDARD,0.01,84,6,49.783244,0.0,0.0,8.297207333333333
2025-05-02,22180269024,Roofing Services 2025 - ECT/OCS,177405346074,Roof Inspections & Estimates,PAUSED,SEARCH_STANDARD,0.01,18,1,1.72,0.0,0.0,1.72
2025-05-02,22180269024,Roofing Services 2025 - ECT/OCS,180002095411,New Roof Installation,ENABLED,SEARCH_STANDARD,0.01,48,5,21.6,0.0,0.0,4.32
2025-05-03,22180269024,Roofing Services 2025 - ECT/OCS,174397650916,Roof Repairs,PAUSED,SEARCH_STANDARD,0.01,47,2,35.34,0.0,0.0,17.67
2025-05-03,22180269024,Roofing Services 2025 - ECT/OCS,175978645804,Local Roofing Contractors,ENABLED,SEARCH_STANDARD,0.01,45,0,0.0,0.0,0.0,
2025-05-03,22180269024,Roofing Services 2025 - ECT/OCS,177405346074,Roof Inspections & Estimates,PAUSED,SEARCH_STANDARD,0.01,32,4,37.62,1.0,100.0,9.405
2025-05-03,22180269024,Roofing Services 2025 - ECT/OCS,180002095411,New Roof Installation,ENABLED,SEARCH_STANDARD,0.01,20,0,0.0,0.0,0.0,
2025-05-04,22180269024,Roofing Services 2025 - ECT/OCS,174397650916,Roof Repairs,PAUSED,SEARCH_STANDARD,0.01,51,1,12.61,0.0,0.0,12.61
2025-05-04,22180269024,Roofing Services 2025 - ECT/OCS,175978645804,Local Roofing Contractors,ENABLED,SEARCH_STANDARD,0.01,32,0,0.0,0.0,0.0,
2025-05-04,22180269024,Roofing Services 2025 - ECT/OCS,177405346074,Roof Inspections & Estimates,PAUSED,SEARCH_STANDARD,0.01,20,1,2.19,0.0,0.0,2.19
2025-05-04,22180269024,Roofing Services 2025 - ECT/OCS,180002095411,New Roof Installation,ENABLED,SEARCH_STANDARD,0.01,30,1,7.71,0.0,0.0,7.71
2025-05-05,22180269024,Roofing Services 2025 - ECT/OCS,174397650916,Roof Repairs,PAUSED,SEARCH_STANDARD,0.01,43,2,236.64,1.999796,100.989698,118.32
2025-05-05,22180269024,Roofing Services 2025 - ECT/OCS,175978645804,Local Roofing Contractors,ENABLED,SEARCH_STANDARD,0.01,24,1,0.57,0.0,0.0,0.57
2025-05-05,22180269024,Roofing Services 2025 - ECT/OCS,177405346074,Roof Inspections & Estimates,PAUSED,SEARCH_STANDARD,0.01,12,1,15.65,0.0,0.0,15.65
2025-05-05,22180269024,Roofing Services 2025 - ECT/OCS,180002095411,New Roof Installation,ENABLED,SEARCH_STANDARD,0.01,32,3,57.16,0.0,0.0,19.05333333333333
2025-05-06,22180269024,Roofing Services 2025 - ECT/OCS,174397650916,Roof Repairs,PAUSED,SEARCH_STANDARD,0.01,58,1,10.93,0.0,0.0,10.93
2025-05-06,22180269024,Roofing Services 2025 - ECT/OCS,175978645804,Local Roofing Contractors,ENABLED,SEARCH_STANDARD,0.01,76,5,51.052026,0.0,0.0,10.210405199999999
2025-05-06,22180269024,Roofing Services 2025 - ECT/OCS,177405346074,Roof Inspections & Estimates,PAUSED,SEARCH_STANDARD,0.01,33,1,17.508313,0.0,0.0,17.508313
2025-05-06,22180269024,Roofing Services 2025 - ECT/OCS,180002095411,New Roof Installation,ENABLED,SEARCH_STANDARD,0.01,53,3,34.3,0.0,0.0,11.433333333333334
2025-05-07,22180269024,Roofing Services 2025 - ECT/OCS,174397650916,Roof Repairs,PAUSED,SEARCH_STANDARD,0.01,32,4,107.895079,1.0,250.0,26.97376975
2025-05-07,22180269024,Roofing Services 2025 - ECT/OCS,175978645804,Local Roofing Contractors,ENABLED,SEARCH_STANDARD,0.01,33,1,8.171449,1.0,1.0,8.171449
2025-05-07,22180269024,Roofing Services 2025 - ECT/OCS,177405346074,Roof Inspections & Estimates,PAUSED,SEARCH_STANDARD,0.01,7,1,13.37231,0.0,0.0,13.37231
2025-05-07,22180269024,Roofing Services 2025 - ECT/OCS,180002095411,New Roof Installation,ENABLED,SEARCH_STANDARD,0.01,19,0,0.0,0.0,0.0,
2025-05-08,22180269024,Roofing Services 2025 - ECT/OCS,174397650916,Roof Repairs,PAUSED,SEARCH_STANDARD,0.01,41,2,41.374112,0.0,0.0,20.687056
2025-05-08,22180269024,Roofing Services 2025 - ECT/OCS,175978645804,Local Roofing Contractors,ENABLED,SEARCH_STANDARD,0.01,40,1,7.74,0.0,0.0,7.74
2025-05-08,22180269024,Roofing Services 2025 - ECT/OCS,177405346074,Roof Inspections & Estimates,PAUSED,SEARCH_STANDARD,0.01,7,2,83.698028,1.0,1.0,41.849014
2025-05-08,22180269024,Roofing Services 2025 - ECT/OCS,180002095411,New Roof Installation,ENABLED,SEARCH_STANDARD,0.01,18,0,0.0,0.0,0.0,
2025-05-09,22180269024,Roofing Services 2025 - ECT/OCS,174397650916,Roof Repairs,PAUSED,SEARCH_STANDARD,0.01,32,3,40.34,0.0,0.0,13.446666666666665
2025-05-09,22180269024,Roofing Services 2025 - ECT/OCS,175978645804,Local Roofing Contractors,ENABLED,SEARCH_STANDARD,0.01,32,4,47.11418,0.666667,0.666667,11.778545
2025-05-09,22180269024,Roofing Services 2025 - ECT/OCS,177405346074,Roof Inspections & Estimates,PAUSED,SEARCH_STANDARD,0.01,16,0,0.0,0.0,0.0,
2025-05-09,22180269024,Roofing Services 2025 - ECT/OCS,180002095411,New Roof Installation,ENABLED,SEARCH_STANDARD,0.01,26,3,37.09,0.333333,0.333333,12.363333333333333
2025-05-10,22180269024,Roofing Services 2025 - ECT/OCS,174397650916,Roof Repairs,PAUSED,SEARCH_STANDARD,0.01,24,2,43.32,0.0,0.0,21.66
2025-05-10,22180269024,Roofing Services 2025 - ECT/OCS,175978645804,Local Roofing Contractors,ENABLED,SEARCH_STANDARD,0.01,13,0,0.0,0.0,0.0,
2025-05-10,22180269024,Roofing Services 2025 - ECT/OCS,177405346074,Roof Inspections & Estimates,PAUSED,SEARCH_STANDARD,0.01,13,1,29.93,0.0,0.0,29.93
2025-05-10,22180269024,Roofing Services 2025 - ECT/OCS,180002095411,New Roof Installation,ENABLED,SEARCH_STANDARD,0.01,9,0,0.0,0.0,0.0,
2025-05-11,22180269024,Roofing Services 2025 - ECT/OCS,174397650916,Roof Repairs,PAUSED,SEARCH_STANDARD,0.01,11,0,0.0,0.0,0.0,
2025-05-11,22180269024,Roofing Services 2025 - ECT/OCS,175978645804,Local Roofing Contractors,ENABLED,SEARCH_STANDARD,0.01,10,0,0.0,0.0,0.0,
2025-05-11,22180269024,Roofing Services 2025 - ECT/OCS,177405346074,Roof Inspections & Estimates,PAUSED,SEARCH_STANDARD,0.01,3,0,0.0,0.0,0.0,
2025-05-11,22180269024,Roofing Services 2025 - ECT/OCS,180002095411,New Roof Installation,ENABLED,SEARCH_STANDARD,0.01,8,0,0.0,0.0,0.0,
2025-05-12,22180269024,Roofing Services 2025 - ECT/OCS,174397650916,Roof Repairs,PAUSED,SEARCH_STANDARD,0.01,98,5,77.311978,1.0,250.0,15.462395599999999
2025-05-12,22180269024,Roofing Services 2025 - ECT/OCS,175978645804,Local Roofing Contractors,ENABLED,SEARCH_STANDARD,0.01,51,3,23.5,0.0,0.0,7.833333333333333
2025-05-12,22180269024,Roofing Services 2025 - ECT/OCS,177405346074,Roof Inspections & Estimates,PAUSED,SEARCH_STANDARD,0.01,21,0,0.0,0.0,0.0,
2025-05-12,22180269024,Roofing Services 2025 - ECT/OCS,180002095411,New Roof Installation,ENABLED,SEARCH_STANDARD,0.01,35,0,0.0,0.0,0.0,
2025-05-13,22180269024,Roofing Services 2025 - ECT/OCS,174397650916,Roof Repairs,PAUSED,SEARCH_STANDARD,0.01,66,1,27.9,0.0,0.0,27.9
2025-05-13,22180269024,Roofing Services 2025 - ECT/OCS,175978645804,Local Roofing Contractors,ENABLED,SEARCH_STANDARD,0.01,47,3,34.74,0.0,0.0,11.58
2025-05-13,22180269024,Roofing Services 2025 - ECT/OCS,177405346074,Roof Inspections & Estimates,PAUSED,SEARCH_STANDARD,0.01,24,1,17.7,0.0,0.0,17.7
2025-05-13,22180269024,Roofing Services 2025 - ECT/OCS,180002095411,New Roof Installation,ENABLED,SEARCH_STANDARD,0.01,47,1,15.94,0.0,0.0,15.94
2025-05-14,22180269024,Roofing Services 2025 - ECT/OCS,174397650916,Roof Repairs,PAUSED,SEARCH_STANDARD,0.01,64,1,15.19,0.0,0.0,15.19
2025-05-14,22180269024,Roofing Services 2025 - ECT/OCS,175978645804,Local Roofing Contractors,ENABLED,SEARCH_STANDARD,0.01,48,2,29.39,1.0,100.0,14.695
2025-05-14,22180269024,Roofing Services 2025 - ECT/OCS,177405346074,Roof Inspections & Estimates,PAUSED,SEARCH_STANDARD,0.01,18,0,0.0,0.0,0.0,
2025-05-14,22180269024,Roofing Services 2025 - ECT/OCS,180002095411,New Roof Installation,ENABLED,SEARCH_STANDARD,0.01,39,0,0.0,0.0,0.0,
2025-05-15,22180269024,Roofing Services 2025 - ECT/OCS,174397650916,Roof Repairs,PAUSED,SEARCH_STANDARD,0.01,79,2,59.085647,0.0,0.0,29.5428235
2025-05-15,22180269024,Roofing Services 2025 - ECT/OCS,175978645804,Local Roofing Contractors,ENABLED,SEARCH_STANDARD,0.01,79,1,5.71,0.0,0.0,5.71
2025-05-15,22180269024,Roofing Services 2025 - ECT/OCS,177405346074,Roof Inspections & Estimates,PAUSED,SEARCH_STANDARD,0.01,18,0,0.0,0.0,0.0,
2025-05-15,22180269024,Roofing Services 2025 - ECT/OCS,180002095411,New Roof Installation,ENABLED,SEARCH_STANDARD,0.01,61,3,109.212832,0.0,0.0,36.40427733333333
2025-05-16,22180269024,Roofing Services 2025 - ECT/OCS,174397650916,Roof Repairs,PAUSED,SEARCH_STANDARD,0.01,70,2,8.37,0.0,0.0,4.185
2025-05-16,22180269024,Roofing Services 2025 - ECT/OCS,175978645804,Local Roofing Contractors,ENABLED,SEARCH_STANDARD,0.01,59,0,0.0,0.0,0.0,
2025-05-16,22180269024,Roofing Services 2025 - ECT/OCS,177405346074,Roof Inspections & Estimates,PAUSED,SEARCH_STANDARD,0.01,15,1,3.27,0.0,0.0,3.27
2025-05-16,22180269024,Roofing Services 2025 - ECT/OCS,180002095411,New Roof Installation,ENABLED,SEARCH_STANDARD,0.01,62,0,0.0,0.0,0.0,
2025-05-17,22180269024,Roofing Services 2025 - ECT/OCS,174397650916,Roof Repairs,PAUSED,SEARCH_STANDARD,0.01,82,5,124.27156,0.0,0.0,24.854312
2025-05-17,22180269024,Roofing Services 2025 - ECT/OCS,175978645804,Local Roofing Contractors,ENABLED,SEARCH_STANDARD,0.01,46,2,59.823856,1.0,1.0,29.911928
2025-05-17,22180269024,Roofing Services 2025 - ECT/OCS,177405346074,Roof Inspections & Estimates,PAUSED,SEARCH_STANDARD,0.01,20,0,0.0,0.0,0.0,
2025-05-17,22180269024,Roofing Services 2025 - ECT/OCS,180002095411,New Roof Installation,ENABLED,SEARCH_STANDARD,0.01,52,1,1.02,0.0,0.0,1.02
2025-05-18,22180269024,Roofing Services 2025 - ECT/OCS,174397650916,Roof Repairs,PAUSED,SEARCH_STANDARD,0.01,61,4,68.561442,0.0,0.0,17.1403605
2025-05-18,22180269024,Roofing Services 2025 - ECT/OCS,175978645804,Local Roofing Contractors,ENABLED,SEARCH_STANDARD,0.01,26,1,11.13,0.0,0.0,11.13
2025-05-18,22180269024,Roofing Services 2025 - ECT/OCS,177405346074,Roof Inspections & Estimates,PAUSED,SEARCH_STANDARD,0.01,18,2,14.77,0.0,0.0,7.385
2025-05-18,22180269024,Roofing Services 2025 - ECT/OCS,180002095411,New Roof Installation,ENABLED,SEARCH_STANDARD,0.01,37,0,0.0,0.0,0.0,
2025-05-19,22180269024,Roofing Services 2025 - ECT/OCS,174397650916,Roof Repairs,PAUSED,SEARCH_STANDARD,0.01,61,2,7.97,0.0,0.0,3.985
2025-05-19,22180269024,Roofing Services 2025 - ECT/OCS,175978645804,Local Roofing Contractors,ENABLED,SEARCH_STANDARD,0.01,57,3,36.12,1.0,100.0,12.04
2025-05-19,22180269024,Roofing Services 2025 - ECT/OCS,177405346074,Roof Inspections & Estimates,PAUSED,SEARCH_STANDARD,0.01,21,2,69.994772,1.0,100.0,34.997386
2025-05-19,22180269024,Roofing Services 2025 - ECT/OCS,180002095411,New Roof Installation,ENABLED,SEARCH_STANDARD,0.01,63,1,5.51,0.0,0.0,5.51
2025-05-20,22180269024,Roofing Services 2025 - ECT/OCS,174397650916,Roof Repairs,PAUSED,SEARCH_STANDARD,0.01,21,4,41.16,1.0,100.0,10.29
2025-05-20,22180269024,Roofing Services 2025 - ECT/OCS,175978645804,Local Roofing Contractors,ENABLED,SEARCH_STANDARD,0.01,22,1,38.54,0.0,0.0,38.54
2025-05-20,22180269024,Roofing Services 2025 - ECT/OCS,177405346074,Roof Inspections & Estimates,PAUSED,SEARCH_STANDARD,0.01,8,0,0.0,0.0,0.0,
2025-05-20,22180269024,Roofing Services 2025 - ECT/OCS,180002095411,New Roof Installation,ENABLED,SEARCH_STANDARD,0.01,11,1,20.82,0.0,0.0,20.82
2025-05-21,22180269024,Roofing Services 2025 - ECT/OCS,174397650916,Roof Repairs,PAUSED,SEARCH_STANDARD,0.01,87,1,14.94,0.0,0.0,14.94
2025-05-21,22180269024,Roofing Services 2025 - ECT/OCS,175978645804,Local Roofing Contractors,ENABLED,SEARCH_STANDARD,0.01,74,2,7.48,1.0,100.0,3.74
2025-05-21,22180269024,Roofing Services 2025 - ECT/OCS,177405346074,Roof Inspections & Estimates,PAUSED,SEARCH_STANDARD,0.01,13,1,11.74,0.0,0.0,11.74
2025-05-21,22180269024,Roofing Services 2025 - ECT/OCS,180002095411,New Roof Installation,ENABLED,SEARCH_STANDARD,0.01,43,3,68.325668,1.0,1.0,22.775222666666668
2025-05-22,22180269024,Roofing Services 2025 - ECT/OCS,174397650916,Roof Repairs,PAUSED,SEARCH_STANDARD,0.01,64,2,19.86,0.0,0.0,9.93
2025-05-22,22180269024,Roofing Services 2025 - ECT/OCS,175978645804,Local Roofing Contractors,ENABLED,SEARCH_STANDARD,0.01,118,4,37.678776,0.0,0.0,9.419694
2025-05-22,22180269024,Roofing Services 2025 - ECT/OCS,177405346074,Roof Inspections & Estimates,PAUSED,SEARCH_STANDARD,0.01,34,0,0.0,0.0,0.0,
2025-05-22,22180269024,Roofing Services 2025 - ECT/OCS,180002095411,New Roof Installation,ENABLED,SEARCH_STANDARD,0.01,61,5,39.22,0.0,0.0,7.844
2025-05-23,22180269024,Roofing Services 2025 - ECT/OCS,174397650916,Roof Repairs,PAUSED,SEARCH_STANDARD,0.01,43,1,26.64,1.0,1.0,26.64
2025-05-23,22180269024,Roofing Services 2025 - ECT/OCS,175978645804,Local Roofing Contractors,ENABLED,SEARCH_STANDARD,0.01,57,2,60.150952,1.0,1.0,30.075476
2025-05-23,22180269024,Roofing Services 2025 - ECT/OCS,177405346074,Roof Inspections & Estimates,PAUSED,SEARCH_STANDARD,0.01,10,0,0.0,0.0,0.0,
2025-05-23,22180269024,Roofing Services 2025 - ECT/OCS,180002095411,New Roof Installation,ENABLED,SEARCH_STANDARD,0.01,39,0,0.0,0.0,0.0,
2025-05-24,22180269024,Roofing Services 2025 - ECT/OCS,174397650916,Roof Repairs,PAUSED,SEARCH_STANDARD,0.01,32,3,82.34,0.0,0.0,27.44666666666667
2025-05-24,22180269024,Roofing Services 2025 - ECT/OCS,175978645804,Local Roofing Contractors,ENABLED,SEARCH_STANDARD,0.01,31,2,13.7,0.0,0.0,6.85
2025-05-24,22180269024,Roofing Services 2025 - ECT/OCS,177405346074,Roof Inspections & Estimates,PAUSED,SEARCH_STANDARD,0.01,8,0,0.0,0.0,0.0,
2025-05-24,22180269024,Roofing Services 2025 - ECT/OCS,180002095411,New Roof Installation,ENABLED,SEARCH_STANDARD,0.01,23,3,14.87,0.0,0.0,4.956666666666667
2025-05-25,22180269024,Roofing Services 2025 - ECT/OCS,174397650916,Roof Repairs,PAUSED,SEARCH_STANDARD,0.01,20,0,0.0,0.0,0.0,
2025-05-25,22180269024,Roofing Services 2025 - ECT/OCS,175978645804,Local Roofing Contractors,ENABLED,SEARCH_STANDARD,0.01,12,0,0.0,0.0,0.0,
2025-05-25,22180269024,Roofing Services 2025 - ECT/OCS,177405346074,Roof Inspections & Estimates,PAUSED,SEARCH_STANDARD,0.01,9,0,0.0,0.0,0.0,
2025-05-25,22180269024,Roofing Services 2025 - ECT/OCS,180002095411,New Roof Installation,ENABLED,SEARCH_STANDARD,0.01,13,0,0.0,0.0,0.0,
2025-05-26,22180269024,Roofing Services 2025 - ECT/OCS,174397650916,Roof Repairs,PAUSED,SEARCH_STANDARD,0.01,37,2,80.150464,0.0,0.0,40.075232
2025-05-26,22180269024,Roofing Services 2025 - ECT/OCS,175978645804,Local Roofing Contractors,ENABLED,SEARCH_STANDARD,0.01,35,2,62.067,0.333334,83.3335,31.0335
2025-05-26,22180269024,Roofing Services 2025 - ECT/OCS,177405346074,Roof Inspections & Estimates,PAUSED,SEARCH_STANDARD,0.01,36,0,0.0,0.0,0.0,
2025-05-26,22180269024,Roofing Services 2025 - ECT/OCS,180002095411,New Roof Installation,ENABLED,SEARCH_STANDARD,0.01,34,2,14.86,0.666666,166.6665,7.43
2025-05-27,22180269024,Roofing Services 2025 - ECT/OCS,174397650916,Roof Repairs,PAUSED,SEARCH_STANDARD,0.01,25,3,65.71,1.0,1.0,21.903333333333332
2025-05-27,22180269024,Roofing Services 2025 - ECT/OCS,175978645804,Local Roofing Contractors,ENABLED,SEARCH_STANDARD,0.01,18,2,26.65,0.0,0.0,13.325
2025-05-27,22180269024,Roofing Services 2025 - ECT/OCS,177405346074,Roof Inspections & Estimates,PAUSED,SEARCH_STANDARD,0.01,6,0,0.0,0.0,0.0,
2025-05-27,22180269024,Roofing Services 2025 - ECT/OCS,180002095411,New Roof Installation,ENABLED,SEARCH_STANDARD,0.01,13,0,0.0,0.0,0.0,
2025-05-28,22180269024,Roofing Services 2025 - ECT/OCS,174397650916,Roof Repairs,PAUSED,SEARCH_STANDARD,0.01,86,2,71.812998,0.0,0.0,35.906499
2025-05-28,22180269024,Roofing Services 2025 - ECT/OCS,175978645804,Local Roofing Contractors,ENABLED,SEARCH_STANDARD,0.01,89,4,56.492229,0.0,0.0,14.12305725
2025-05-28,22180269024,Roofing Services 2025 - ECT/OCS,177405346074,Roof Inspections & Estimates,PAUSED,SEARCH_STANDARD,0.01,23,0,0.0,0.0,0.0,
2025-05-28,22180269024,Roofing Services 2025 - ECT/OCS,180002095411,New Roof Installation,ENABLED,SEARCH_STANDARD,0.01,45,0,0.0,0.0,0.0,
2025-05-29,22180269024,Roofing Services 2025 - ECT/OCS,174397650916,Roof Repairs,PAUSED,SEARCH_STANDARD,0.01,27,2,31.28,1.0,1.0,15.64
2025-05-29,22180269024,Roofing Services 2025 - ECT/OCS,175978645804,Local Roofing Contractors,ENABLED,SEARCH_STANDARD,0.01,23,2,50.212442,2.0,1.0,25.106221
2025-05-29,22180269024,Roofing Services 2025 - ECT/OCS,177405346074,Roof Inspections & Estimates,PAUSED,SEARCH_STANDARD,0.01,6,0,0.0,0.0,0.0,
2025-05-29,22180269024,Roofing Services 2025 - ECT/OCS,180002095411,New Roof Installation,ENABLED,SEARCH_STANDARD,0.01,12,1,7.21,0.0,0.0,7.21
2025-05-30,22180269024,Roofing Services 2025 - ECT/OCS,174397650916,Roof Repairs,PAUSED,SEARCH_STANDARD,0.01,62,2,12.85,0.0,0.0,6.425
2025-05-30,22180269024,Roofing Services 2025 - ECT/OCS,175978645804,Local Roofing Contractors,ENABLED,SEARCH_STANDARD,0.01,83,2,33.37578,0.0,0.0,16.68789
2025-05-30,22180269024,Roofing Services 2025 - ECT/OCS,177405346074,Roof Inspections & Estimates,PAUSED,SEARCH_STANDARD,0.01,40,1,17.582,0.0,0.0,17.582
2025-05-30,22180269024,Roofing Services 2025 - ECT/OCS,180002095411,New Roof Installation,ENABLED,SEARCH_STANDARD,0.01,37,0,0.0,0.0,0.0,
2025-05-31,22180269024,Roofing Services 2025 - ECT/OCS,174397650916,Roof Repairs,PAUSED,SEARCH_STANDARD,0.01,50,4,79.297099,0.0,0.0,19.82427475
2025-05-31,22180269024,Roofing Services 2025 - ECT/OCS,175978645804,Local Roofing Contractors,ENABLED,SEARCH_STANDARD,0.01,31,1,5.72,0.0,0.0,5.72
2025-05-31,22180269024,Roofing Services 2025 - ECT/OCS,177405346074,Roof Inspections & Estimates,PAUSED,SEARCH_STANDARD,0.01,39,0,0.0,0.0,0.0,
2025-05-31,22180269024,Roofing Services 2025 - ECT/OCS,180002095411,New Roof Installation,ENABLED,SEARCH_STANDARD,0.01,16,0,0.0,0.0,0.0,
2025-06-01,22180269024,Roofing Services 2025 - ECT/OCS,174397650916,Roof Repairs,PAUSED,SEARCH_STANDARD,0.01,28,1,3.7,0.0,0.0,3.7
2025-06-01,22180269024,Roofing Services 2025 - ECT/OCS,175978645804,Local Roofing Contractors,ENABLED,SEARCH_STANDARD,0.01,17,0,0.0,0.0,0.0,
2025-06-01,22180269024,Roofing Services 2025 - ECT/OCS,177405346074,Roof Inspections & Estimates,PAUSED,SEARCH_STANDARD,0.01,8,0,0.0,0.0,0.0,
2025-06-01,22180269024,Roofing Services 2025 - ECT/OCS,180002095411,New Roof Installation,ENABLED,SEARCH_STANDARD,0.01,13,0,0.0,0.0,0.0,
2025-06-02,22180269024,Roofing Services 2025 - ECT/OCS,174397650916,Roof Repairs,PAUSED,SEARCH_STANDARD,0.01,94,4,74.646614,2.0,2.0,18.6616535
2025-06-02,22180269024,Roofing Services 2025 - ECT/OCS,175978645804,Local Roofing Contractors,ENABLED,SEARCH_STANDARD,0.01,114,0,0.0,0.0,0.0,
2025-06-02,22180269024,Roofing Services 2025 - ECT/OCS,177405346074,Roof Inspections & Estimates,PAUSED,SEARCH_STANDARD,0.01,35,2,13.56,0.0,0.0,6.78
2025-06-02,22180269024,Roofing Services 2025 - ECT/OCS,180002095411,New Roof Installation,ENABLED,SEARCH_STANDARD,0.01,55,2,6.87,0.0,0.0,3.435
2025-06-03,22180269024,Roofing Services 2025 - ECT/OCS,174397650916,Roof Repairs,PAUSED,SEARCH_STANDARD,0.01,106,4,78.799572,1.0,1.0,19.699893
2025-06-03,22180269024,Roofing Services 2025 - ECT/OCS,175978645804,Local Roofing Contractors,ENABLED,SEARCH_STANDARD,0.01,140,8,66.41,0.0,0.0,8.30125
2025-06-03,22180269024,Roofing Services 2025 - ECT/OCS,177405346074,Roof Inspections & Estimates,PAUSED,SEARCH_STANDARD,0.01,58,0,0.0,0.0,0.0,
2025-06-03,22180269024,Roofing Services 2025 - ECT/OCS,180002095411,New Roof Installation,ENABLED,SEARCH_STANDARD,0.01,83,4,53.52,0.0,0.0,13.38
2025-06-04,22180269024,Roofing Services 2025 - ECT/OCS,174397650916,Roof Repairs,PAUSED,SEARCH_STANDARD,0.01,39,1,28.68,0.0,0.0,28.68
2025-06-04,22180269024,Roofing Services 2025 - ECT/OCS,175978645804,Local Roofing Contractors,ENABLED,SEARCH_STANDARD,0.01,77,4,113.060136,0.0,0.0,28.265034
2025-06-04,22180269024,Roofing Services 2025 - ECT/OCS,177405346074,Roof Inspections & Estimates,PAUSED,SEARCH_STANDARD,0.01,19,1,13.28,1.0,250.0,13.28
2025-06-04,22180269024,Roofing Services 2025 - ECT/OCS,180002095411,New Roof Installation,ENABLED,SEARCH_STANDARD,0.01,38,0,0.0,0.0,0.0,
2025-06-05,22180269024,Roofing Services 2025 - ECT/OCS,174397650916,Roof Repairs,PAUSED,SEARCH_STANDARD,0.01,60,3,94.257056,0.0,0.0,31.419018666666666
2025-06-05,22180269024,Roofing Services 2025 - ECT/OCS,175978645804,Local Roofing Contractors,ENABLED,SEARCH_STANDARD,0.01,104,0,0.0,0.0,0.0,
2025-06-05,22180269024,Roofing Services 2025 - ECT/OCS,177405346074,Roof Inspections & Estimates,PAUSED,SEARCH_STANDARD,0.01,15,0,0.0,0.0,0.0,
2025-06-05,22180269024,Roofing Services 2025 - ECT/OCS,180002095411,New Roof Installation,ENABLED,SEARCH_STANDARD,0.01,61,2,23.158675,0.0,0.0,11.5793375
2025-06-06,22180269024,Roofing Services 2025 - ECT/OCS,174397650916,Roof Repairs,PAUSED,SEARCH_STANDARD,0.01,32,4,118.792924,0.0,0.0,29.698231
2025-06-06,22180269024,Roofing Services 2025 - ECT/OCS,175978645804,Local Roofing Contractors,ENABLED,SEARCH_STANDARD,0.01,41,1,13.8,0.0,0.0,13.8
2025-06-06,22180269024,Roofing Services 2025 - ECT/OCS,177405346074,Roof Inspections & Estimates,PAUSED,SEARCH_STANDARD,0.01,14,0,0.0,0.0,0.0,
2025-06-06,22180269024,Roofing Services 2025 - ECT/OCS,180002095411,New Roof Installation,ENABLED,SEARCH_STANDARD,0.01,11,0,0.0,0.0,0.0,
2025-06-07,22180269024,Roofing Services 2025 - ECT/OCS,174397650916,Roof Repairs,PAUSED,SEARCH_STANDARD,0.01,39,2,46.48,0.0,0.0,23.24
2025-06-07,22180269024,Roofing Services 2025 - ECT/OCS,175978645804,Local Roofing Contractors,ENABLED,SEARCH_STANDARD,0.01,35,0,0.0,0.0,0.0,
2025-06-07,22180269024,Roofing Services 2025 - ECT/OCS,177405346074,Roof Inspections & Estimates,PAUSED,SEARCH_STANDARD,0.01,7,0,0.0,0.0,0.0,
2025-06-07,22180269024,Roofing Services 2025 - ECT/OCS,180002095411,New Roof Installation,ENABLED,SEARCH_STANDARD,0.01,24,0,0.0,0.0,0.0,
2025-06-08,22180269024,Roofing Services 2025 - ECT/OCS,174397650916,Roof Repairs,PAUSED,SEARCH_STANDARD,0.01,34,3,47.96,1.0,250.0,15.986666666666666
2025-06-08,22180269024,Roofing Services 2025 - ECT/OCS,175978645804,Local Roofing Contractors,ENABLED,SEARCH_STANDARD,0.01,46,1,8.32,0.0,0.0,8.32
2025-06-08,22180269024,Roofing Services 2025 - ECT/OCS,177405346074,Roof Inspections & Estimates,PAUSED,SEARCH_STANDARD,0.01,10,0,0.0,0.0,0.0,
2025-06-08,22180269024,Roofing Services 2025 - ECT/OCS,180002095411,New Roof Installation,ENABLED,SEARCH_STANDARD,0.01,29,1,5.41,0.0,0.0,5.41
2025-06-09,22180269024,Roofing Services 2025 - ECT/OCS,174397650916,Roof Repairs,PAUSED,SEARCH_STANDARD,0.01,50,0,0.0,0.0,0.0,
2025-06-09,22180269024,Roofing Services 2025 - ECT/OCS,175978645804,Local Roofing Contractors,ENABLED,SEARCH_STANDARD,0.01,86,5,132.943492,1.0,1.0,26.5886984
2025-06-09,22180269024,Roofing Services 2025 - ECT/OCS,177405346074,Roof Inspections & Estimates,PAUSED,SEARCH_STANDARD,0.01,10,1,9.31,0.0,0.0,9.31
2025-06-09,22180269024,Roofing Services 2025 - ECT/OCS,180002095411,New Roof Installation,ENABLED,SEARCH_STANDARD,0.01,53,2,113.66,1.0,0.0,56.83
2025-06-10,22180269024,Roofing Services 2025 - ECT/OCS,174397650916,Roof Repairs,PAUSED,SEARCH_STANDARD,0.01,47,2,88.390192,1.0,100.0,44.195096
2025-06-10,22180269024,Roofing Services 2025 - ECT/OCS,175978645804,Local Roofing Contractors,ENABLED,SEARCH_STANDARD,0.01,60,1,5.45,0.0,0.0,5.45
2025-06-10,22180269024,Roofing Services 2025 - ECT/OCS,177405346074,Roof Inspections & Estimates,PAUSED,SEARCH_STANDARD,0.01,5,0,0.0,0.0,0.0,
2025-06-10,22180269024,Roofing Services 2025 - ECT/OCS,180002095411,New Roof Installation,ENABLED,SEARCH_STANDARD,0.01,38,1,12.98,0.0,0.0,12.98
2025-06-11,22180269024,Roofing Services 2025 - ECT/OCS,174397650916,Roof Repairs,PAUSED,SEARCH_STANDARD,0.01,127,1,17.75,0.0,0.0,17.75
2025-06-11,22180269024,Roofing Services 2025 - ECT/OCS,175978645804,Local Roofing Contractors,ENABLED,SEARCH_STANDARD,0.01,84,4,41.4,0.0,0.0,10.35
2025-06-11,22180269024,Roofing Services 2025 - ECT/OCS,177405346074,Roof Inspections & Estimates,PAUSED,SEARCH_STANDARD,0.01,31,0,0.0,0.0,0.0,
2025-06-11,22180269024,Roofing Services 2025 - ECT/OCS,180002095411,New Roof Installation,ENABLED,SEARCH_STANDARD,0.01,67,2,47.335992,0.0,0.0,23.667996
2025-06-12,22180269024,Roofing Services 2025 - ECT/OCS,174397650916,Roof Repairs,PAUSED,SEARCH_STANDARD,0.01,42,4,66.641044,0.0,0.0,16.660261
2025-06-12,22180269024,Roofing Services 2025 - ECT/OCS,175978645804,Local Roofing Contractors,ENABLED,SEARCH_STANDARD,0.01,40,1,28.673466,1.0,1.0,28.673466
2025-06-12,22180269024,Roofing Services 2025 - ECT/OCS,177405346074,Roof Inspections & Estimates,PAUSED,SEARCH_STANDARD,0.01,12,0,0.0,0.0,0.0,
2025-06-12,22180269024,Roofing Services 2025 - ECT/OCS,180002095411,New Roof Installation,ENABLED,SEARCH_STANDARD,0.01,44,2,7.85,1.0,250.0,3.925
2025-06-13,22180269024,Roofing Services 2025 - ECT/OCS,174397650916,Roof Repairs,PAUSED,SEARCH_STANDARD,0.01,73,1,3.46,0.0,0.0,3.46
2025-06-13,22180269024,Roofing Services 2025 - ECT/OCS,175978645804,Local Roofing Contractors,ENABLED,SEARCH_STANDARD,0.01,60,4,38.41,0.0,0.0,9.6025
2025-06-13,22180269024,Roofing Services 2025 - ECT/OCS,177405346074,Roof Inspections & Estimates,PAUSED,SEARCH_STANDARD,0.01,8,0,0.0,0.0,0.0,
2025-06-13,22180269024,Roofing Services 2025 - ECT/OCS,180002095411,New Roof Installation,ENABLED,SEARCH_STANDARD,0.01,35,0,0.0,0.0,0.0,
2025-06-14,22180269024,Roofing Services 2025 - ECT/OCS,174397650916,Roof Repairs,PAUSED,SEARCH_STANDARD,0.01,66,3,12.68,0.0,0.0,4.226666666666667
2025-06-14,22180269024,Roofing Services 2025 - ECT/OCS,175978645804,Local Roofing Contractors,ENABLED,SEARCH_STANDARD,0.01,42,0,0.0,0.0,0.0,
2025-06-14,22180269024,Roofing Services 2025 - ECT/OCS,177405346074,Roof Inspections & Estimates,PAUSED,SEARCH_STANDARD,0.01,14,0,0.0,0.0,0.0,
2025-06-14,22180269024,Roofing Services 2025 - ECT/OCS,180002095411,New Roof Installation,ENABLED,SEARCH_STANDARD,0.01,47,0,0.0,0.0,0.0,
2025-06-15,22180269024,Roofing Services 2025 - ECT/OCS,174397650916,Roof Repairs,PAUSED,SEARCH_STANDARD,0.01,44,1,15.43,1.0,250.0,15.43
2025-06-15,22180269024,Roofing Services 2025 - ECT/OCS,175978645804,Local Roofing Contractors,ENABLED,SEARCH_STANDARD,0.01,30,0,0.0,0.0,0.0,
2025-06-15,22180269024,Roofing Services 2025 - ECT/OCS,177405346074,Roof Inspections & Estimates,PAUSED,SEARCH_STANDARD,0.01,10,0,0.0,0.0,0.0,
2025-06-15,22180269024,Roofing Services 2025 - ECT/OCS,180002095411,New Roof Installation,ENABLED,SEARCH_STANDARD,0.01,27,0,0.0,0.0,0.0,
2025-06-16,22180269024,Roofing Services 2025 - ECT/OCS,174397650916,Roof Repairs,PAUSED,SEARCH_STANDARD,0.01,98,3,156.809432,0.5,50.0,52.269810666666665
2025-06-16,22180269024,Roofing Services 2025 - ECT/OCS,175978645804,Local Roofing Contractors,ENABLED,SEARCH_STANDARD,0.01,127,3,25.65,1.0,100.0,8.55
2025-06-16,22180269024,Roofing Services 2025 - ECT/OCS,177405346074,Roof Inspections & Estimates,PAUSED,SEARCH_STANDARD,0.01,36,1,9.39,0.5,50.0,9.39
2025-06-16,22180269024,Roofing Services 2025 - ECT/OCS,180002095411,New Roof Installation,ENABLED,SEARCH_STANDARD,0.01,106,1,7.82,0.0,0.0,7.82
2025-06-17,22180269024,Roofing Services 2025 - ECT/OCS,174397650916,Roof Repairs,PAUSED,SEARCH_STANDARD,0.01,86,1,62.9,0.0,0.0,62.9
2025-06-17,22180269024,Roofing Services 2025 - ECT/OCS,175978645804,Local Roofing Contractors,ENABLED,SEARCH_STANDARD,0.01,94,6,92.49,0.0,0.0,15.415
2025-06-17,22180269024,Roofing Services 2025 - ECT/OCS,177405346074,Roof Inspections & Estimates,PAUSED,SEARCH_STANDARD,0.01,16,0,0.0,0.0,0.0,
2025-06-17,22180269024,Roofing Services 2025 - ECT/OCS,180002095411,New Roof Installation,ENABLED,SEARCH_STANDARD,0.01,66,4,70.26,0.0,0.0,17.565
2025-06-18,22180269024,Roofing Services 2025 - ECT/OCS,174397650916,Roof Repairs,PAUSED,SEARCH_STANDARD,0.01,45,1,10.81,0.0,0.0,10.81
2025-06-18,22180269024,Roofing Services 2025 - ECT/OCS,175978645804,Local Roofing Contractors,ENABLED,SEARCH_STANDARD,0.01,45,1,3.72,0.0,0.0,3.72
2025-06-18,22180269024,Roofing Services 2025 - ECT/OCS,177405346074,Roof Inspections & Estimates,PAUSED,SEARCH_STANDARD,0.01,10,1,9.94,0.0,0.0,9.94
2025-06-18,22180269024,Roofing Services 2025 - ECT/OCS,180002095411,New Roof Installation,ENABLED,SEARCH_STANDARD,0.01,26,4,68.090392,0.0,0.0,17.022598
2025-06-19,22180269024,Roofing Services 2025 - ECT/OCS,174397650916,Roof Repairs,PAUSED,SEARCH_STANDARD,0.01,50,3,40.08,0.0,0.0,13.36
2025-06-19,22180269024,Roofing Services 2025 - ECT/OCS,175978645804,Local Roofing Contractors,ENABLED,SEARCH_STANDARD,0.01,53,1,6.34,0.0,0.0,6.34
2025-06-19,22180269024,Roofing Services 2025 - ECT/OCS,177405346074,Roof Inspections & Estimates,PAUSED,SEARCH_STANDARD,0.01,15,0,0.0,0.0,0.0,
2025-06-19,22180269024,Roofing Services 2025 - ECT/OCS,180002095411,New Roof Installation,ENABLED,SEARCH_STANDARD,0.01,29,4,32.823263,0.0,0.0,8.20581575
2025-06-20,22180269024,Roofing Services 2025 - ECT/OCS,174397650916,Roof Repairs,PAUSED,SEARCH_STANDARD,0.01,88,3,37.21378,0.0,0.0,12.404593333333334
2025-06-20,22180269024,Roofing Services 2025 - ECT/OCS,175978645804,Local Roofing Contractors,ENABLED,SEARCH_STANDARD,0.01,74,1,25.88,1.0,100.0,25.88
2025-06-20,22180269024,Roofing Services 2025 - ECT/OCS,177405346074,Roof Inspections & Estimates,PAUSED,SEARCH_STANDARD,0.01,20,0,0.0,0.0,0.0,
2025-06-20,22180269024,Roofing Services 2025 - ECT/OCS,180002095411,New Roof Installation,ENABLED,SEARCH_STANDARD,0.01,75,3,17.91,1.0,100.0,5.97
2025-06-21,22180269024,Roofing Services 2025 - ECT/OCS,174397650916,Roof Repairs,PAUSED,SEARCH_STANDARD,0.01,51,1,19.65,0.0,0.0,19.65
2025-06-21,22180269024,Roofing Services 2025 - ECT/OCS,175978645804,Local Roofing Contractors,ENABLED,SEARCH_STANDARD,0.01,41,1,28.55561,0.0,0.0,28.55561
2025-06-21,22180269024,Roofing Services 2025 - ECT/OCS,177405346074,Roof Inspections & Estimates,PAUSED,SEARCH_STANDARD,0.01,11,1,2.42,0.0,0.0,2.42
2025-06-21,22180269024,Roofing Services 2025 - ECT/OCS,180002095411,New Roof Installation,ENABLED,SEARCH_STANDARD,0.01,36,0,0.0,0.0,0.0,
2025-06-22,22180269024,Roofing Services 2025 - ECT/OCS,174397650916,Roof Repairs,PAUSED,SEARCH_STANDARD,0.01,19,1,7.25,0.0,0.0,7.25
2025-06-22,22180269024,Roofing Services 2025 - ECT/OCS,175978645804,Local Roofing Contractors,ENABLED,SEARCH_STANDARD,0.01,15,0,0.0,0.0,0.0,
2025-06-22,22180269024,Roofing Services 2025 - ECT/OCS,177405346074,Roof Inspections & Estimates,PAUSED,SEARCH_STANDARD,0.01,3,0,0.0,0.0,0.0,
2025-06-22,22180269024,Roofing Services 2025 - ECT/OCS,180002095411,New Roof Installation,ENABLED,SEARCH_STANDARD,0.01,10,0,0.0,0.0,0.0,
2025-06-23,22180269024,Roofing Services 2025 - ECT/OCS,174397650916,Roof Repairs,PAUSED,SEARCH_STANDARD,0.01,172,3,52.974675,0.0,0.0,17.658225
2025-06-23,22180269024,Roofing Services 2025 - ECT/OCS,175978645804,Local Roofing Contractors,ENABLED,SEARCH_STANDARD,0.01,114,2,10.47,0.0,0.0,5.235
2025-06-23,22180269024,Roofing Services 2025 - ECT/OCS,177405346074,Roof Inspections & Estimates,PAUSED,SEARCH_STANDARD,0.01,58,4,24.035928,2.0,500.0,6.008982
2025-06-23,22180269024,Roofing Services 2025 - ECT/OCS,180002095411,New Roof Installation,ENABLED,SEARCH_STANDARD,0.01,172,2,5.812701,0.0,0.0,2.9063505
2025-06-24,22180269024,Roofing Services 2025 - ECT/OCS,174397650916,Roof Repairs,PAUSED,SEARCH_STANDARD,0.01,107,4,88.25,0.0,0.0,22.0625
2025-06-24,22180269024,Roofing Services 2025 - ECT/OCS,175978645804,Local Roofing Contractors,ENABLED,SEARCH_STANDARD,0.01,91,1,3.38,0.0,0.0,3.38
2025-06-24,22180269024,Roofing Services 2025 - ECT/OCS,177405346074,Roof Inspections & Estimates,PAUSED,SEARCH_STANDARD,0.01,45,2,28.99063,0.0,0.0,14.495315
2025-06-24,22180269024,Roofing Services 2025 - ECT/OCS,180002095411,New Roof Installation,ENABLED,SEARCH_STANDARD,0.01,127,6,76.6,0.0,0.0,12.766666666666666
2025-06-25,22180269024,Roofing Services 2025 - ECT/OCS,174397650916,Roof Repairs,PAUSED,SEARCH_STANDARD,0.01,68,5,142.681176,1.0,1.0,28.5362352
2025-06-25,22180269024,Roofing Services 2025 - ECT/OCS,175978645804,Local Roofing Contractors,ENABLED,SEARCH_STANDARD,0.01,66,1,9.32,0.0,0.0,9.32
2025-06-25,22180269024,Roofing Services 2025 - ECT/OCS,177405346074,Roof Inspections & Estimates,PAUSED,SEARCH_STANDARD,0.01,57,2,8.27,1.0,100.0,4.135
2025-06-25,22180269024,Roofing Services 2025 - ECT/OCS,180002095411,New Roof Installation,ENABLED,SEARCH_STANDARD,0.01,108,3,39.526497,0.0,0.0,13.175499
2025-06-26,22180269024,Roofing Services 2025 - ECT/OCS,174397650916,Roof Repairs,PAUSED,SEARCH_STANDARD,0.01,27,2,18.94,0.0,0.0,9.47
2025-06-26,22180269024,Roofing Services 2025 - ECT/OCS,175978645804,Local Roofing Contractors,ENABLED,SEARCH_STANDARD,0.01,32,1,17.51,0.0,0.0,17.51
2025-06-26,22180269024,Roofing Services 2025 - ECT/OCS,177405346074,Roof Inspections & Estimates,PAUSED,SEARCH_STANDARD,0.01,27,0,0.0,0.0,0.0,
2025-06-26,22180269024,Roofing Services 2025 - ECT/OCS,180002095411,New Roof Installation,ENABLED,SEARCH_STANDARD,0.01,36,3,82.92136,1.0,1.0,27.640453333333333
2025-06-27,22180269024,Roofing Services 2025 - ECT/OCS,174397650916,Roof Repairs,PAUSED,SEARCH_STANDARD,0.01,68,2,19.6,1.0,100.0,9.8
2025-06-27,22180269024,Roofing Services 2025 - ECT/OCS,175978645804,Local Roofing Contractors,ENABLED,SEARCH_STANDARD,0.01,63,2,29.41,0.0,0.0,14.705
2025-06-27,22180269024,Roofing Services 2025 - ECT/OCS,177405346074,Roof Inspections & Estimates,PAUSED,SEARCH_STANDARD,0.01,47,1,45.716668,0.0,0.0,45.716668
2025-06-27,22180269024,Roofing Services 2025 - ECT/OCS,180002095411,New Roof Installation,ENABLED,SEARCH_STANDARD,0.01,71,2,20.49,0.0,0.0,10.245
2025-06-28,22180269024,Roofing Services 2025 - ECT/OCS,174397650916,Roof Repairs,PAUSED,SEARCH_STANDARD,0.01,42,0,0.0,0.0,0.0,
2025-06-28,22180269024,Roofing Services 2025 - ECT/OCS,175978645804,Local Roofing Contractors,ENABLED,SEARCH_STANDARD,0.01,48,0,0.0,0.0,0.0,
2025-06-28,22180269024,Roofing Services 2025 - ECT/OCS,177405346074,Roof Inspections & Estimates,PAUSED,SEARCH_STANDARD,0.01,33,0,0.0,0.0,0.0,
2025-06-28,22180269024,Roofing Services 2025 - ECT/OCS,180002095411,New Roof Installation,ENABLED,SEARCH_STANDARD,0.01,49,1,5.62,0.0,0.0,5.62
2025-06-29,22180269024,Roofing Services 2025 - ECT/OCS,174397650916,Roof Repairs,PAUSED,SEARCH_STANDARD,0.01,21,2,84.0731,1.0,1.0,42.03655
2025-06-29,22180269024,Roofing Services 2025 - ECT/OCS,175978645804,Local Roofing Contractors,ENABLED,SEARCH_STANDARD,0.01,15,0,0.0,0.0,0.0,
2025-06-29,22180269024,Roofing Services 2025 - ECT/OCS,177405346074,Roof Inspections & Estimates,PAUSED,SEARCH_STANDARD,0.01,15,0,0.0,0.0,0.0,
2025-06-29,22180269024,Roofing Services 2025 - ECT/OCS,180002095411,New Roof Installation,ENABLED,SEARCH_STANDARD,0.01,18,0,0.0,0.0,0.0,
2025-06-30,22180269024,Roofing Services 2025 - ECT/OCS,174397650916,Roof Repairs,PAUSED,SEARCH_STANDARD,0.01,24,2,78.233852,0.0,0.0,39.116926
2025-06-30,22180269024,Roofing Services 2025 - ECT/OCS,175978645804,Local Roofing Contractors,ENABLED,SEARCH_STANDARD,0.01,15,0,0.0,0.0,0.0,
2025-06-30,22180269024,Roofing Services 2025 - ECT/OCS,177405346074,Roof Inspections & Estimates,PAUSED,SEARCH_STANDARD,0.01,27,1,7.41,0.0,0.0,7.41
2025-06-30,22180269024,Roofing Services 2025 - ECT/OCS,180002095411,New Roof Installation,ENABLED,SEARCH_STANDARD,0.01,37,1,31.721052,0.0,0.0,31.721052
2025-07-01,22180269024,Roofing Services 2025 - ECT/OCS,174397650916,Roof Repairs,PAUSED,SEARCH_STANDARD,0.01,117,5,53.87,0.0,0.0,10.774
2025-07-01,22180269024,Roofing Services 2025 - ECT/OCS,175978645804,Local Roofing Contractors,ENABLED,SEARCH_STANDARD,0.01,64,3,32.69,0.0,0.0,10.896666666666667
2025-07-01,22180269024,Roofing Services 2025 - ECT/OCS,177405346074,Roof Inspections & Estimates,PAUSED,SEARCH_STANDARD,0.01,96,2,7.79,0.0,0.0,3.895
2025-07-01,22180269024,Roofing Services 2025 - ECT/OCS,180002095411,New Roof Installation,ENABLED,SEARCH_STANDARD,0.01,77,1,5.46,0.0,0.0,5.46
2025-07-02,22180269024,Roofing Services 2025 - ECT/OCS,174397650916,Roof Repairs,PAUSED,SEARCH_STANDARD,0.01,32,0,0.0,0.0,0.0,
2025-07-02,22180269024,Roofing Services 2025 - ECT/OCS,175978645804,Local Roofing Contractors,ENABLED,SEARCH_STANDARD,0.01,19,0,0.0,0.0,0.0,
2025-07-02,22180269024,Roofing Services 2025 - ECT/OCS,177405346074,Roof Inspections & Estimates,PAUSED,SEARCH_STANDARD,0.01,13,2,40.622628,1.0,1.0,20.311314
2025-07-02,22180269024,Roofing Services 2025 - ECT/OCS,180002095411,New Roof Installation,ENABLED,SEARCH_STANDARD,0.01,30,4,73.815688,1.0,1.0,18.453922
2025-07-03,22180269024,Roofing Services 2025 - ECT/OCS,174397650916,Roof Repairs,PAUSED,SEARCH_STANDARD,0.01,80,6,84.590684,1.0,250.0,14.098447333333334
2025-07-03,22180269024,Roofing Services 2025 - ECT/OCS,175978645804,Local Roofing Contractors,ENABLED,SEARCH_STANDARD,0.01,23,0,0.0,0.0,0.0,
2025-07-03,22180269024,Roofing Services 2025 - ECT/OCS,177405346074,Roof Inspections & Estimates,PAUSED,SEARCH_STANDARD,0.01,21,0,0.0,0.0,0.0,
2025-07-03,22180269024,Roofing Services 2025 - ECT/OCS,180002095411,New Roof Installation,ENABLED,SEARCH_STANDARD,0.01,38,0,0.0,0.0,0.0,
2025-07-04,22180269024,Roofing Services 2025 - ECT/OCS,174397650916,Roof Repairs,PAUSED,SEARCH_STANDARD,0.01,43,1,4.72,0.0,0.0,4.72
2025-07-04,22180269024,Roofing Services 2025 - ECT/OCS,175978645804,Local Roofing Contractors,ENABLED,SEARCH_STANDARD,0.01,13,0,0.0,0.0,0.0,
2025-07-04,22180269024,Roofing Services 2025 - ECT/OCS,177405346074,Roof Inspections & Estimates,PAUSED,SEARCH_STANDARD,0.01,10,0,0.0,0.0,0.0,
2025-07-04,22180269024,Roofing Services 2025 - ECT/OCS,180002095411,New Roof Installation,ENABLED,SEARCH_STANDARD,0.01,14,0,0.0,0.0,0.0,
2025-07-05,22180269024,Roofing Services 2025 - ECT/OCS,174397650916,Roof Repairs,PAUSED,SEARCH_STANDARD,0.01,60,1,30.41,0.0,0.0,30.41
2025-07-05,22180269024,Roofing Services 2025 - ECT/OCS,175978645804,Local Roofing Contractors,ENABLED,SEARCH_STANDARD,0.01,36,2,6.4818,0.0,0.0,3.2409
2025-07-05,22180269024,Roofing Services 2025 - ECT/OCS,177405346074,Roof Inspections & Estimates,PAUSED,SEARCH_STANDARD,0.01,28,3,139.925148,2.0,101.0,46.641716
2025-07-05,22180269024,Roofing Services 2025 - ECT/OCS,180002095411,New Roof Installation,ENABLED,SEARCH_STANDARD,0.01,19,0,0.0,0.0,0.0,
2025-07-06,22180269024,Roofing Services 2025 - ECT/OCS,174397650916,Roof Repairs,PAUSED,SEARCH_STANDARD,0.01,44,1,23.14,0.0,0.0,23.14
2025-07-06,22180269024,Roofing Services 2025 - ECT/OCS,175978645804,Local Roofing Contractors,ENABLED,SEARCH_STANDARD,0.01,46,3,23.34,0.0,0.0,7.78
2025-07-06,22180269024,Roofing Services 2025 - ECT/OCS,177405346074,Roof Inspections & Estimates,PAUSED,SEARCH_STANDARD,0.01,34,2,19.317448,0.0,0.0,9.658724
2025-07-06,22180269024,Roofing Services 2025 - ECT/OCS,180002095411,New Roof Installation,ENABLED,SEARCH_STANDARD,0.01,23,0,0.0,0.0,0.0,
2025-07-07,22180269024,Roofing Services 2025 - ECT/OCS,174397650916,Roof Repairs,PAUSED,SEARCH_STANDARD,0.01,28,1,7.84,0.0,0.0,7.84
2025-07-07,22180269024,Roofing Services 2025 - ECT/OCS,175978645804,Local Roofing Contractors,ENABLED,SEARCH_STANDARD,0.01,24,2,98.635568,1.5,1.5,49.317784
2025-07-07,22180269024,Roofing Services 2025 - ECT/OCS,177405346074,Roof Inspections & Estimates,PAUSED,SEARCH_STANDARD,0.01,5,0,0.0,0.0,0.0,
2025-07-07,22180269024,Roofing Services 2025 - ECT/OCS,180002095411,New Roof Installation,ENABLED,SEARCH_STANDARD,0.01,13,2,40.357226,0.5,0.5,20.178613
2025-07-08,22180269024,Roofing Services 2025 - ECT/OCS,174397650916,Roof Repairs,PAUSED,SEARCH_STANDARD,0.01,93,2,43.504317,1.0,250.0,21.7521585
2025-07-08,22180269024,Roofing Services 2025 - ECT/OCS,175978645804,Local Roofing Contractors,ENABLED,SEARCH_STANDARD,0.01,52,1,13.785918,0.0,0.0,13.785918
2025-07-08,22180269024,Roofing Services 2025 - ECT/OCS,177405346074,Roof Inspections & Estimates,PAUSED,SEARCH_STANDARD,0.01,46,0,0.0,0.0,0.0,
2025-07-08,22180269024,Roofing Services 2025 - ECT/OCS,180002095411,New Roof Installation,ENABLED,SEARCH_STANDARD,0.01,59,6,87.96636,1.0,100.0,14.66106
2025-07-09,22180269024,Roofing Services 2025 - ECT/OCS,174397650916,Roof Repairs,PAUSED,SEARCH_STANDARD,0.01,98,2,9.17,0.5,0.5,4.585
2025-07-09,22180269024,Roofing Services 2025 - ECT/OCS,175978645804,Local Roofing Contractors,ENABLED,SEARCH_STANDARD,0.01,54,3,28.15,0.0,0.0,9.383333333333335
2025-07-09,22180269024,Roofing Services 2025 - ECT/OCS,177405346074,Roof Inspections & Estimates,PAUSED,SEARCH_STANDARD,0.01,63,1,17.184236,0.5,0.5,17.184236
2025-07-09,22180269024,Roofing Services 2025 - ECT/OCS,180002095411,New Roof Installation,ENABLED,SEARCH_STANDARD,0.01,63,3,33.543686,0.0,0.0,11.181228666666666
2025-07-10,22180269024,Roofing Services 2025 - ECT/OCS,174397650916,Roof Repairs,PAUSED,SEARCH_STANDARD,0.01,69,1,8.27,0.0,0.0,8.27
2025-07-10,22180269024,Roofing Services 2025 - ECT/OCS,175978645804,Local Roofing Contractors,ENABLED,SEARCH_STANDARD,0.01,96,6,129.422684,1.0,1.0,21.57044733333333
2025-07-10,22180269024,Roofing Services 2025 - ECT/OCS,177405346074,Roof Inspections & Estimates,PAUSED,SEARCH_STANDARD,0.01,29,1,9.03,0.0,0.0,9.03
2025-07-10,22180269024,Roofing Services 2025 - ECT/OCS,180002095411,New Roof Installation,ENABLED,SEARCH_STANDARD,0.01,25,0,0.0,0.0,0.0,
2025-07-11,22180269024,Roofing Services 2025 - ECT/OCS,174397650916,Roof Repairs,PAUSED,SEARCH_STANDARD,0.01,47,2,19.2,0.0,0.0,9.6
2025-07-11,22180269024,Roofing Services 2025 - ECT/OCS,175978645804,Local Roofing Contractors,ENABLED,SEARCH_STANDARD,0.01,47,2,18.18,0.0,0.0,9.09
2025-07-11,22180269024,Roofing Services 2025 - ECT/OCS,177405346074,Roof Inspections & Estimates,PAUSED,SEARCH_STANDARD,0.01,16,0,0.0,0.0,0.0,
2025-07-11,22180269024,Roofing Services 2025 - ECT/OCS,180002095411,New Roof Installation,ENABLED,SEARCH_STANDARD,0.01,16,1,24.995344,0.0,0.0,24.995344
2025-07-12,22180269024,Roofing Services 2025 - ECT/OCS,174397650916,Roof Repairs,PAUSED,SEARCH_STANDARD,0.01,43,0,0.0,0.0,0.0,
2025-07-12,22180269024,Roofing Services 2025 - ECT/OCS,175978645804,Local Roofing Contractors,ENABLED,SEARCH_STANDARD,0.01,49,3,40.548676,1.0,1.0,13.516225333333335
2025-07-12,22180269024,Roofing Services 2025 - ECT/OCS,177405346074,Roof Inspections & Estimates,PAUSED,SEARCH_STANDARD,0.01,14,0,0.0,0.0,0.0,
2025-07-12,22180269024,Roofing Services 2025 - ECT/OCS,180002095411,New Roof Installation,ENABLED,SEARCH_STANDARD,0.01,10,1,6.57,0.0,0.0,6.57
2025-07-13,22180269024,Roofing Services 2025 - ECT/OCS,174397650916,Roof Repairs,PAUSED,SEARCH_STANDARD,0.01,30,2,21.26,0.0,0.0,10.63
2025-07-13,22180269024,Roofing Services 2025 - ECT/OCS,175978645804,Local Roofing Contractors,ENABLED,SEARCH_STANDARD,0.01,44,1,45.71,0.0,0.0,45.71
2025-07-13,22180269024,Roofing Services 2025 - ECT/OCS,177405346074,Roof Inspections & Estimates,PAUSED,SEARCH_STANDARD,0.01,27,0,0.0,0.0,0.0,
2025-07-13,22180269024,Roofing Services 2025 - ECT/OCS,180002095411,New Roof Installation,ENABLED,SEARCH_STANDARD,0.01,15,2,10.39,0.0,0.0,5.195
2025-07-14,22180269024,Roofing Services 2025 - ECT/OCS,174397650916,Roof Repairs,PAUSED,SEARCH_STANDARD,0.01,63,2,38.88,0.0,0.0,19.44
2025-07-14,22180269024,Roofing Services 2025 - ECT/OCS,175978645804,Local Roofing Contractors,ENABLED,SEARCH_STANDARD,0.01,116,3,47.683628,0.0,0.0,15.894542666666666
2025-07-14,22180269024,Roofing Services 2025 - ECT/OCS,177405346074,Roof Inspections & Estimates,PAUSED,SEARCH_STANDARD,0.01,43,3,83.73428,1.0,1.0,27.911426666666667
2025-07-14,22180269024,Roofing Services 2025 - ECT/OCS,180002095411,New Roof Installation,ENABLED,SEARCH_STANDARD,0.01,21,0,0.0,0.0,0.0,
2025-07-15,22180269024,Roofing Services 2025 - ECT/OCS,174397650916,Roof Repairs,PAUSED,SEARCH_STANDARD,0.01,28,0,0.0,0.0,0.0,
2025-07-15,22180269024,Roofing Services 2025 - ECT/OCS,175978645804,Local Roofing Contractors,ENABLED,SEARCH_STANDARD,0.01,79,5,107.92661,1.0,1.0,21.585322
2025-07-15,22180269024,Roofing Services 2025 - ECT/OCS,177405346074,Roof Inspections & Estimates,PAUSED,SEARCH_STANDARD,0.01,21,0,0.0,0.0,0.0,
2025-07-15,22180269024,Roofing Services 2025 - ECT/OCS,180002095411,New Roof Installation,ENABLED,SEARCH_STANDARD,0.01,9,1,2.984394,0.0,0.0,2.984394
2025-07-16,22180269024,Roofing Services 2025 - ECT/OCS,174397650916,Roof Repairs,PAUSED,SEARCH_STANDARD,0.01,62,4,61.652094,0.0,0.0,15.4130235
2025-07-16,22180269024,Roofing Services 2025 - ECT/OCS,175978645804,Local Roofing Contractors,ENABLED,SEARCH_STANDARD,0.01,113,1,4.91,0.0,0.0,4.91
2025-07-16,22180269024,Roofing Services 2025 - ECT/OCS,177405346074,Roof Inspections & Estimates,PAUSED,SEARCH_STANDARD,0.01,41,3,40.68,1.0,250.0,13.56
2025-07-16,22180269024,Roofing Services 2025 - ECT/OCS,180002095411,New Roof Installation,ENABLED,SEARCH_STANDARD,0.01,24,1,4.41,0.0,0.0,4.41
2025-07-17,22180269024,Roofing Services 2025 - ECT/OCS,174397650916,Roof Repairs,PAUSED,SEARCH_STANDARD,0.01,24,0,0.0,0.0,0.0,
2025-07-17,22180269024,Roofing Services 2025 - ECT/OCS,175978645804,Local Roofing Contractors,ENABLED,SEARCH_STANDARD,0.01,99,4,51.81,1.0,100.0,12.9525
2025-07-17,22180269024,Roofing Services 2025 - ECT/OCS,177405346074,Roof Inspections & Estimates,PAUSED,SEARCH_STANDARD,0.01,36,0,0.0,0.0,0.0,
2025-07-17,22180269024,Roofing Services 2025 - ECT/OCS,180002095411,New Roof Installation,ENABLED,SEARCH_STANDARD,0.01,14,1,4.79,0.0,0.0,4.79
2025-07-18,22180269024,Roofing Services 2025 - ECT/OCS,174397650916,Roof Repairs,PAUSED,SEARCH_STANDARD,0.01,23,1,65.865888,1.0,1.0,65.865888
2025-07-18,22180269024,Roofing Services 2025 - ECT/OCS,175978645804,Local Roofing Contractors,ENABLED,SEARCH_STANDARD,0.01,95,5,43.58421,1.0,100.0,8.716842
2025-07-18,22180269024,Roofing Services 2025 - ECT/OCS,177405346074,Roof Inspections & Estimates,PAUSED,SEARCH_STANDARD,0.01,14,1,20.17,0.0,0.0,20.17
2025-07-18,22180269024,Roofing Services 2025 - ECT/OCS,180002095411,New Roof Installation,ENABLED,SEARCH_STANDARD,0.01,12,0,0.0,0.0,0.0,
2025-07-19,22180269024,Roofing Services 2025 - ECT/OCS,174397650916,Roof Repairs,PAUSED,SEARCH_STANDARD,0.01,22,1,17.97,0.0,0.0,17.97
2025-07-19,22180269024,Roofing Services 2025 - ECT/OCS,175978645804,Local Roofing Contractors,ENABLED,SEARCH_STANDARD,0.01,60,3,32.825791,0.0,0.0,10.941930333333334
2025-07-19,22180269024,Roofing Services 2025 - ECT/OCS,177405346074,Roof Inspections & Estimates,PAUSED,SEARCH_STANDARD,0.01,21,2,8.64,0.0,0.0,4.32
2025-07-19,22180269024,Roofing Services 2025 - ECT/OCS,180002095411,New Roof Installation,ENABLED,SEARCH_STANDARD,0.01,8,1,3.81,0.0,0.0,3.81
2025-07-20,22180269024,Roofing Services 2025 - ECT/OCS,174397650916,Roof Repairs,PAUSED,SEARCH_STANDARD,0.01,22,2,14.83,0.0,0.0,7.415
2025-07-20,22180269024,Roofing Services 2025 - ECT/OCS,175978645804,Local Roofing Contractors,ENABLED,SEARCH_STANDARD,0.01,32,0,0.0,0.0,0.0,
2025-07-20,22180269024,Roofing Services 2025 - ECT/OCS,177405346074,Roof Inspections & Estimates,PAUSED,SEARCH_STANDARD,0.01,10,0,0.0,0.0,0.0,
2025-07-20,22180269024,Roofing Services 2025 - ECT/OCS,180002095411,New Roof Installation,ENABLED,SEARCH_STANDARD,0.01,5,0,0.0,0.0,0.0,
2025-07-21,22180269024,Roofing Services 2025 - ECT/OCS,174397650916,Roof Repairs,PAUSED,SEARCH_STANDARD,0.01,68,3,71.228536,1.0,1.0,23.74284533333333
2025-07-21,22180269024,Roofing Services 2025 - ECT/OCS,175978645804,Local Roofing Contractors,ENABLED,SEARCH_STANDARD,0.01,138,0,0.0,0.0,0.0,
2025-07-21,22180269024,Roofing Services 2025 - ECT/OCS,177405346074,Roof Inspections & Estimates,PAUSED,SEARCH_STANDARD,0.01,54,3,40.960458,0.0,0.0,13.653486
2025-07-21,22180269024,Roofing Services 2025 - ECT/OCS,180002095411,New Roof Installation,ENABLED,SEARCH_STANDARD,0.01,23,3,15.82,0.0,0.0,5.273333333333333
2025-07-22,22180269024,Roofing Services 2025 - ECT/OCS,174397650916,Roof Repairs,PAUSED,SEARCH_STANDARD,0.01,82,3,24.085031,0.0,0.0,8.028343666666666
2025-07-22,22180269024,Roofing Services 2025 - ECT/OCS,175978645804,Local Roofing Contractors,ENABLED,SEARCH_STANDARD,0.01,175,2,14.342538,0.0,0.0,7.171269
2025-07-22,22180269024,Roofing Services 2025 - ECT/OCS,177405346074,Roof Inspections & Estimates,PAUSED,SEARCH_STANDARD,0.01,61,0,0.0,0.0,0.0,
2025-07-22,22180269024,Roofing Services 2025 - ECT/OCS,180002095411,New Roof Installation,ENABLED,SEARCH_STANDARD,0.01,26,2,16.857071,0.0,0.0,8.4285355
2025-07-23,22180269024,Roofing Services 2025 - ECT/OCS,174397650916,Roof Repairs,PAUSED,SEARCH_STANDARD,0.01,33,1,18.92,0.0,0.0,18.92
2025-07-23,22180269024,Roofing Services 2025 - ECT/OCS,175978645804,Local Roofing Contractors,ENABLED,SEARCH_STANDARD,0.01,87,6,156.079284,2.5,52.0,26.013214
2025-07-23,22180269024,Roofing Services 2025 - ECT/OCS,177405346074,Roof Inspections & Estimates,PAUSED,SEARCH_STANDARD,0.01,47,3,15.78,0.0,0.0,5.26
2025-07-23,22180269024,Roofing Services 2025 - ECT/OCS,180002095411,New Roof Installation,ENABLED,SEARCH_STANDARD,0.01,16,1,0.71,0.0,0.0,0.71
2025-07-24,22180269024,Roofing Services 2025 - ECT/OCS,174397650916,Roof Repairs,PAUSED,SEARCH_STANDARD,0.01,25,2,76.413045,1.5,51.0,38.2065225
2025-07-24,22180269024,Roofing Services 2025 - ECT/OCS,175978645804,Local Roofing Contractors,ENABLED,SEARCH_STANDARD,0.01,61,1,12.15,0.0,0.0,12.15
2025-07-24,22180269024,Roofing Services 2025 - ECT/OCS,177405346074,Roof Inspections & Estimates,PAUSED,SEARCH_STANDARD,0.01,15,4,34.06,0.0,0.0,8.515
2025-07-24,22180269024,Roofing Services 2025 - ECT/OCS,180002095411,New Roof Installation,ENABLED,SEARCH_STANDARD,0.01,13,1,5.5,0.0,0.0,5.5
2025-07-25,22180269024,Roofing Services 2025 - ECT/OCS,174397650916,Roof Repairs,PAUSED,SEARCH_STANDARD,0.01,61,1,40.59,0.0,0.0,40.59
2025-07-25,22180269024,Roofing Services 2025 - ECT/OCS,175978645804,Local Roofing Contractors,ENABLED,SEARCH_STANDARD,0.01,103,1,6.23,0.0,0.0,6.23
2025-07-25,22180269024,Roofing Services 2025 - ECT/OCS,177405346074,Roof Inspections & Estimates,PAUSED,SEARCH_STANDARD,0.01,33,2,33.7,2.0,350.0,16.85
2025-07-25,22180269024,Roofing Services 2025 - ECT/OCS,180002095411,New Roof Installation,ENABLED,SEARCH_STANDARD,0.01,14,0,0.0,0.0,0.0,
2025-07-26,22180269024,Roofing Services 2025 - ECT/OCS,174397650916,Roof Repairs,PAUSED,SEARCH_STANDARD,0.01,39,2,38.5661,0.0,0.0,19.28305
2025-07-26,22180269024,Roofing Services 2025 - ECT/OCS,175978645804,Local Roofing Contractors,ENABLED,SEARCH_STANDARD,0.01,62,2,45.461166,0.0,0.0,22.730583
2025-07-26,22180269024,Roofing Services 2025 - ECT/OCS,177405346074,Roof Inspections & Estimates,PAUSED,SEARCH_STANDARD,0.01,27,0,0.0,0.0,0.0,
2025-07-26,22180269024,Roofing Services 2025 - ECT/OCS,180002095411,New Roof Installation,ENABLED,SEARCH_STANDARD,0.01,5,0,0.0,0.0,0.0,
2025-07-27,22180269024,Roofing Services 2025 - ECT/OCS,174397650916,Roof Repairs,PAUSED,SEARCH_STANDARD,0.01,8,0,0.0,0.0,0.0,
2025-07-27,22180269024,Roofing Services 2025 - ECT/OCS,175978645804,Local Roofing Contractors,ENABLED,SEARCH_STANDARD,0.01,9,0,0.0,0.0,0.0,
2025-07-27,22180269024,Roofing Services 2025 - ECT/OCS,177405346074,Roof Inspections & Estimates,PAUSED,SEARCH_STANDARD,0.01,2,0,0.0,0.0,0.0,
2025-07-27,22180269024,Roofing Services 2025 - ECT/OCS,180002095411,New Roof Installation,ENABLED,SEARCH_STANDARD,0.01,4,0,0.0,0.0,0.0,
2025-07-28,22180269024,Roofing Services 2025 - ECT/OCS,174397650916,Roof Repairs,PAUSED,SEARCH_STANDARD,0.01,56,5,126.374066,0.0,0.0,25.2748132
2025-07-28,22180269024,Roofing Services 2025 - ECT/OCS,175978645804,Local Roofing Contractors,ENABLED,SEARCH_STANDARD,0.01,142,3,45.188898,0.0,0.0,15.062966
2025-07-28,22180269024,Roofing Services 2025 - ECT/OCS,177405346074,Roof Inspections & Estimates,PAUSED,SEARCH_STANDARD,0.01,35,1,27.71,0.0,0.0,27.71
2025-07-28,22180269024,Roofing Services 2025 - ECT/OCS,180002095411,New Roof Installation,ENABLED,SEARCH_STANDARD,0.01,25,0,0.0,0.0,0.0,
2025-07-29,22180269024,Roofing Services 2025 - ECT/OCS,174397650916,Roof Repairs,PAUSED,SEARCH_STANDARD,0.01,70,1,24.1,0.0,0.0,24.1
2025-07-29,22180269024,Roofing Services 2025 - ECT/OCS,175978645804,Local Roofing Contractors,ENABLED,SEARCH_STANDARD,0.01,185,3,21.805664,0.0,0.0,7.268554666666667
2025-07-29,22180269024,Roofing Services 2025 - ECT/OCS,177405346074,Roof Inspections & Estimates,PAUSED,SEARCH_STANDARD,0.01,49,3,31.485694,0.0,0.0,10.495231333333335
2025-07-29,22180269024,Roofing Services 2025 - ECT/OCS,180002095411,New Roof Installation,ENABLED,SEARCH_STANDARD,0.01,45,4,86.892756,1.0,1.0,21.723189
2025-07-30,22180269024,Roofing Services 2025 - ECT/OCS,174397650916,Roof Repairs,PAUSED,SEARCH_STANDARD,0.01,96,0,0.0,0.0,0.0,
2025-07-30,22180269024,Roofing Services 2025 - ECT/OCS,175978645804,Local Roofing Contractors,ENABLED,SEARCH_STANDARD,0.01,232,2,28.996245,0.0,0.0,14.4981225
2025-07-30,22180269024,Roofing Services 2025 - ECT/OCS,177405346074,Roof Inspections & Estimates,PAUSED,SEARCH_STANDARD,0.01,61,2,13.68,0.0,0.0,6.84
2025-07-30,22180269024,Roofing Services 2025 - ECT/OCS,180002095411,New Roof Installation,ENABLED,SEARCH_STANDARD,0.01,42,0,0.0,0.0,0.0,
2025-07-31,22180269024,Roofing Services 2025 - ECT/OCS,174397650916,Roof Repairs,PAUSED,SEARCH_STANDARD,0.01,83,4,107.134464,1.0,250.0,26.783616
2025-07-31,22180269024,Roofing Services 2025 - ECT/OCS,175978645804,Local Roofing Contractors,ENABLED,SEARCH_STANDARD,0.01,137,1,3.37,0.0,0.0,3.37
2025-07-31,22180269024,Roofing Services 2025 - ECT/OCS,177405346074,Roof Inspections & Estimates,PAUSED,SEARCH_STANDARD,0.01,54,2,54.2,0.0,0.0,27.1
2025-07-31,22180269024,Roofing Services 2025 - ECT/OCS,180002095411,New Roof Installation,ENABLED,SEARCH_STANDARD,0.01,76,5,55.089902,0.0,0.0,11.0179804
2025-08-01,22180269024,Roofing Services 2025 - ECT/OCS,174397650916,Roof Repairs,PAUSED,SEARCH_STANDARD,0.01,13,0,0.0,0.0,0.0,
2025-08-01,22180269024,Roofing Services 2025 - ECT/OCS,175978645804,Local Roofing Contractors,ENABLED,SEARCH_STANDARD,0.01,20,5,165.252012,2.5,52.0,33.050402399999996
2025-08-01,22180269024,Roofing Services 2025 - ECT/OCS,177405346074,Roof Inspections & Estimates,PAUSED,SEARCH_STANDARD,0.01,10,0,0.0,0.0,0.0,
2025-08-01,22180269024,Roofing Services 2025 - ECT/OCS,180002095411,New Roof Installation,ENABLED,SEARCH_STANDARD,0.01,4,0,0.0,0.0,0.0,
2025-08-02,22180269024,Roofing Services 2025 - ECT/OCS,174397650916,Roof Repairs,PAUSED,SEARCH_STANDARD,0.01,25,1,18.02306,0.0,0.0,18.02306
2025-08-02,22180269024,Roofing Services 2025 - ECT/OCS,175978645804,Local Roofing Contractors,ENABLED,SEARCH_STANDARD,0.01,37,2,7.551018,0.0,0.0,3.775509
2025-08-02,22180269024,Roofing Services 2025 - ECT/OCS,177405346074,Roof Inspections & Estimates,PAUSED,SEARCH_STANDARD,0.01,25,1,8.53,0.0,0.0,8.53
2025-08-02,22180269024,Roofing Services 2025 - ECT/OCS,180002095411,New Roof Installation,ENABLED,SEARCH_STANDARD,0.01,21,0,0.0,0.0,0.0,
2025-08-03,22180269024,Roofing Services 2025 - ECT/OCS,174397650916,Roof Repairs,PAUSED,SEARCH_STANDARD,0.01,49,6,73.580367,0.0,0.0,12.2633945
2025-08-03,22180269024,Roofing Services 2025 - ECT/OCS,175978645804,Local Roofing Contractors,ENABLED,SEARCH_STANDARD,0.01,38,0,0.0,0.0,0.0,
2025-08-03,22180269024,Roofing Services 2025 - ECT/OCS,177405346074,Roof Inspections & Estimates,PAUSED,SEARCH_STANDARD,0.01,23,0,0.0,0.0,0.0,
2025-08-03,22180269024,Roofing Services 2025 - ECT/OCS,180002095411,New Roof Installation,ENABLED,SEARCH_STANDARD,0.01,29,1,14.46,0.0,0.0,14.46
2025-08-04,22180269024,Roofing Services 2025 - ECT/OCS,174397650916,Roof Repairs,PAUSED,SEARCH_STANDARD,0.01,36,2,134.554224,1.0,1.0,67.277112
2025-08-04,22180269024,Roofing Services 2025 - ECT/OCS,175978645804,Local Roofing Contractors,ENABLED,SEARCH_STANDARD,0.01,108,4,93.460943,1.0,1.0,23.36523575
2025-08-04,22180269024,Roofing Services 2025 - ECT/OCS,177405346074,Roof Inspections & Estimates,PAUSED,SEARCH_STANDARD,0.01,38,0,0.0,0.0,0.0,
2025-08-04,22180269024,Roofing Services 2025 - ECT/OCS,180002095411,New Roof Installation,ENABLED,SEARCH_STANDARD,0.01,106,4,71.359886,1.0,250.0,17.8399715
2025-08-05,22180269024,Roofing Services 2025 - ECT/OCS,174397650916,Roof Repairs,PAUSED,SEARCH_STANDARD,0.01,78,0,0.0,0.0,0.0,
2025-08-05,22180269024,Roofing Services 2025 - ECT/OCS,175978645804,Local Roofing Contractors,ENABLED,SEARCH_STANDARD,0.01,88,2,21.589022,0.5,50.0,10.794511
2025-08-05,22180269024,Roofing Services 2025 - ECT/OCS,177405346074,Roof Inspections & Estimates,PAUSED,SEARCH_STANDARD,0.01,25,1,9.4,0.0,0.0,9.4
2025-08-05,22180269024,Roofing Services 2025 - ECT/OCS,180002095411,New Roof Installation,ENABLED,SEARCH_STANDARD,0.01,84,10,180.354164,2.0,12.0,18.0354164
2025-08-06,22180269024,Roofing Services 2025 - ECT/OCS,174397650916,Roof Repairs,PAUSED,SEARCH_STANDARD,0.01,93,1,3.550968,0.75,0.75,3.550968
2025-08-06,22180269024,Roofing Services 2025 - ECT/OCS,175978645804,Local Roofing Contractors,ENABLED,SEARCH_STANDARD,0.01,160,6,62.612824,1.0,100.0,10.435470666666665
2025-08-06,22180269024,Roofing Services 2025 - ECT/OCS,177405346074,Roof Inspections & Estimates,PAUSED,SEARCH_STANDARD,0.01,50,3,51.68,0.0,0.0,17.226666666666667
2025-08-06,22180269024,Roofing Services 2025 - ECT/OCS,180002095411,New Roof Installation,ENABLED,SEARCH_STANDARD,0.01,132,3,48.389783,0.0,0.0,16.129927666666667
2025-08-07,22180269024,Roofing Services 2025 - ECT/OCS,174397650916,Roof Repairs,PAUSED,SEARCH_STANDARD,0.01,70,4,89.479774,0.5,0.5,22.3699435
2025-08-07,22180269024,Roofing Services 2025 - ECT/OCS,175978645804,Local Roofing Contractors,ENABLED,SEARCH_STANDARD,0.01,87,5,127.753376,2.0,101.0,25.5506752
2025-08-07,22180269024,Roofing Services 2025 - ECT/OCS,177405346074,Roof Inspections & Estimates,PAUSED,SEARCH_STANDARD,0.01,31,5,44.592411,0.75,0.75,8.9184822
2025-08-07,22180269024,Roofing Services 2025 - ECT/OCS,180002095411,New Roof Installation,ENABLED,SEARCH_STANDARD,0.01,67,4,19.750766,0.0,0.0,4.9376915
2025-08-08,22180269024,Roofing Services 2025 - ECT/OCS,174397650916,Roof Repairs,PAUSED,SEARCH_STANDARD,0.01,59,4,29.313501,0.0,0.0,7.32837525
2025-08-08,22180269024,Roofing Services 2025 - ECT/OCS,175978645804,Local Roofing Contractors,ENABLED,SEARCH_STANDARD,0.01,132,4,44.58135,1.0,1.0,11.1453375
2025-08-08,22180269024,Roofing Services 2025 - ECT/OCS,177405346074,Roof Inspections & Estimates,PAUSED,SEARCH_STANDARD,0.01,40,1,6.95,2.0,500.0,6.95
2025-08-08,22180269024,Roofing Services 2025 - ECT/OCS,180002095411,New Roof Installation,ENABLED,SEARCH_STANDARD,0.01,79,1,41.115732,2.0,2.0,41.115732
2025-08-09,22180269024,Roofing Services 2025 - ECT/OCS,174397650916,Roof Repairs,PAUSED,SEARCH_STANDARD,0.01,11,0,0.0,0.0,0.0,
2025-08-09,22180269024,Roofing Services 2025 - ECT/OCS,175978645804,Local Roofing Contractors,ENABLED,SEARCH_STANDARD,0.01,10,2,82.445928,0.0,0.0,41.222964
2025-08-09,22180269024,Roofing Services 2025 - ECT/OCS,177405346074,Roof Inspections & Estimates,PAUSED,SEARCH_STANDARD,0.01,2,0,0.0,0.0,0.0,
2025-08-09,22180269024,Roofing Services 2025 - ECT/OCS,180002095411,New Roof Installation,ENABLED,SEARCH_STANDARD,0.01,4,0,0.0,0.0,0.0,
2025-08-10,22180269024,Roofing Services 2025 - ECT/OCS,174397650916,Roof Repairs,PAUSED,SEARCH_STANDARD,0.01,24,2,53.418505,2.0,200.0,26.7092525
2025-08-10,22180269024,Roofing Services 2025 - ECT/OCS,175978645804,Local Roofing Contractors,ENABLED,SEARCH_STANDARD,0.01,29,2,26.362538,0.0,0.0,13.181269
2025-08-10,22180269024,Roofing Services 2025 - ECT/OCS,177405346074,Roof Inspections & Estimates,PAUSED,SEARCH_STANDARD,0.01,21,1,6.152831,0.0,0.0,6.152831
2025-08-10,22180269024,Roofing Services 2025 - ECT/OCS,180002095411,New Roof Installation,ENABLED,SEARCH_STANDARD,0.01,14,1,10.4,0.0,0.0,10.4
2025-08-11,22180269024,Roofing Services 2025 - ECT/OCS,174397650916,Roof Repairs,PAUSED,SEARCH_STANDARD,0.01,68,1,58.078156,0.0,0.0,58.078156
2025-08-11,22180269024,Roofing Services 2025 - ECT/OCS,175978645804,Local Roofing Contractors,ENABLED,SEARCH_STANDARD,0.01,108,2,76.367988,1.00051,1.00051,38.183994
2025-08-11,22180269024,Roofing Services 2025 - ECT/OCS,177405346074,Roof Inspections & Estimates,PAUSED,SEARCH_STANDARD,0.01,28,2,43.444688,0.0,0.0,21.722344
2025-08-11,22180269024,Roofing Services 2025 - ECT/OCS,180002095411,New Roof Installation,ENABLED,SEARCH_STANDARD,0.01,65,2,19.79,0.0,0.0,9.895
2025-08-12,22180269024,Roofing Services 2025 - ECT/OCS,174397650916,Roof Repairs,PAUSED,SEARCH_STANDARD,0.01,44,2,59.978052,1.0,1.0,29.989026
2025-08-12,22180269024,Roofing Services 2025 - ECT/OCS,175978645804,Local Roofing Contractors,ENABLED,SEARCH_STANDARD,0.01,62,2,70.294616,0.0,0.0,35.147308
2025-08-12,22180269024,Roofing Services 2025 - ECT/OCS,177405346074,Roof Inspections & Estimates,PAUSED,SEARCH_STANDARD,0.01,18,0,0.0,0.0,0.0,
2025-08-12,22180269024,Roofing Services 2025 - ECT/OCS,180002095411,New Roof Installation,ENABLED,SEARCH_STANDARD,0.01,36,2,55.53174,1.0,1.0,27.76587
2025-08-13,22180269024,Roofing Services 2025 - ECT/OCS,174397650916,Roof Repairs,PAUSED,SEARCH_STANDARD,0.01,67,3,62.56,2.0,350.0,20.85333333333333
2025-08-13,22180269024,Roofing Services 2025 - ECT/OCS,175978645804,Local Roofing Contractors,ENABLED,SEARCH_STANDARD,0.01,98,0,0.0,0.0,0.0,
2025-08-13,22180269024,Roofing Services 2025 - ECT/OCS,177405346074,Roof Inspections & Estimates,PAUSED,SEARCH_STANDARD,0.01,31,1,16.62,0.0,0.0,16.62
2025-08-13,22180269024,Roofing Services 2025 - ECT/OCS,180002095411,New Roof Installation,ENABLED,SEARCH_STANDARD,0.01,51,3,21.525953,0.0,0.0,7.175317666666667
2025-08-14,22180269024,Roofing Services 2025 - ECT/OCS,174397650916,Roof Repairs,PAUSED,SEARCH_STANDARD,0.01,80,3,56.596457,0.0,0.0,18.865485666666668
2025-08-14,22180269024,Roofing Services 2025 - ECT/OCS,175978645804,Local Roofing Contractors,ENABLED,SEARCH_STANDARD,0.01,120,5,34.26,0.0,0.0,6.852
2025-08-14,22180269024,Roofing Services 2025 - ECT/OCS,177405346074,Roof Inspections & Estimates,PAUSED,SEARCH_STANDARD,0.01,30,2,10.22,0.0,0.0,5.11
2025-08-14,22180269024,Roofing Services 2025 - ECT/OCS,180002095411,New Roof Installation,ENABLED,SEARCH_STANDARD,0.01,83,0,0.0,0.0,0.0,
2025-08-15,22180269024,Roofing Services 2025 - ECT/OCS,174397650916,Roof Repairs,PAUSED,SEARCH_STANDARD,0.01,93,4,32.365776,0.0,0.0,8.091444
2025-08-15,22180269024,Roofing Services 2025 - ECT/OCS,175978645804,Local Roofing Contractors,ENABLED,SEARCH_STANDARD,0.01,194,2,7.0,0.0,0.0,3.5
2025-08-15,22180269024,Roofing Services 2025 - ECT/OCS,177405346074,Roof Inspections & Estimates,PAUSED,SEARCH_STANDARD,0.01,37,4,41.001306,0.0,0.0,10.2503265
2025-08-15,22180269024,Roofing Services 2025 - ECT/OCS,180002095411,New Roof Installation,ENABLED,SEARCH_STANDARD,0.01,87,4,41.159128,0.0,0.0,10.289782
2025-08-16,22180269024,Roofing Services 2025 - ECT/OCS,174397650916,Roof Repairs,PAUSED,SEARCH_STANDARD,0.01,43,3,110.262719,1.0,100.0,36.75423966666666
2025-08-16,22180269024,Roofing Services 2025 - ECT/OCS,175978645804,Local Roofing Contractors,ENABLED,SEARCH_STANDARD,0.01,28,0,0.0,0.0,0.0,
2025-08-16,22180269024,Roofing Services 2025 - ECT/OCS,177405346074,Roof Inspections & Estimates,PAUSED,SEARCH_STANDARD,0.01,9,1,8.812532,0.0,0.0,8.812532
2025-08-16,22180269024,Roofing Services 2025 - ECT/OCS,180002095411,New Roof Installation,ENABLED,SEARCH_STANDARD,0.01,17,0,0.0,0.0,0.0,
2025-08-17,22180269024,Roofing Services 2025 - ECT/OCS,174397650916,Roof Repairs,PAUSED,SEARCH_STANDARD,0.01,70,2,15.22,0.0,0.0,7.61
2025-08-17,22180269024,Roofing Services 2025 - ECT/OCS,175978645804,Local Roofing Contractors,ENABLED,SEARCH_STANDARD,0.01,76,1,6.69,0.0,0.0,6.69
2025-08-17,22180269024,Roofing Services 2025 - ECT/OCS,177405346074,Roof Inspections & Estimates,PAUSED,SEARCH_STANDARD,0.01,31,0,0.0,0.0,0.0,
2025-08-17,22180269024,Roofing Services 2025 - ECT/OCS,180002095411,New Roof Installation,ENABLED,SEARCH_STANDARD,0.01,47,1,6.695741,0.0,0.0,6.695741
2025-08-18,22180269024,Roofing Services 2025 - ECT/OCS,174397650916,Roof Repairs,PAUSED,SEARCH_STANDARD,0.01,70,9,205.642098,1.0,1.0,22.849122
2025-08-18,22180269024,Roofing Services 2025 - ECT/OCS,175978645804,Local Roofing Contractors,ENABLED,SEARCH_STANDARD,0.01,94,2,19.5,0.0,0.0,9.75
2025-08-18,22180269024,Roofing Services 2025 - ECT/OCS,177405346074,Roof Inspections & Estimates,PAUSED,SEARCH_STANDARD,0.01,48,0,0.0,0.0,0.0,
2025-08-18,22180269024,Roofing Services 2025 - ECT/OCS,180002095411,New Roof Installation,ENABLED,SEARCH_STANDARD,0.01,53,4,83.357456,2.99949,101.99949,20.839364
2025-08-19,22180269024,Roofing Services 2025 - ECT/OCS,174397650916,Roof Repairs,PAUSED,SEARCH_STANDARD,0.01,89,5,63.26,0.0,0.0,12.652
2025-08-19,22180269024,Roofing Services 2025 - ECT/OCS,175978645804,Local Roofing Contractors,ENABLED,SEARCH_STANDARD,0.01,153,6,168.98236,0.0,0.0,28.16372666666667
2025-08-19,22180269024,Roofing Services 2025 - ECT/OCS,177405346074,Roof Inspections & Estimates,PAUSED,SEARCH_STANDARD,0.01,45,2,31.23,0.0,0.0,15.615
2025-08-19,22180269024,Roofing Services 2025 - ECT/OCS,180002095411,New Roof Installation,ENABLED,SEARCH_STANDARD,0.01,76,0,0.0,0.0,0.0,
2025-08-20,22180269024,Roofing Services 2025 - ECT/OCS,174397650916,Roof Repairs,PAUSED,SEARCH_STANDARD,0.01,74,2,46.88,1.0,100.0,23.44
2025-08-20,22180269024,Roofing Services 2025 - ECT/OCS,175978645804,Local Roofing Contractors,ENABLED,SEARCH_STANDARD,0.01,95,4,135.491052,2.5,2.5,33.872763
2025-08-20,22180269024,Roofing Services 2025 - ECT/OCS,177405346074,Roof Inspections & Estimates,PAUSED,SEARCH_STANDARD,0.01,41,1,37.796392,0.0,0.0,37.796392
2025-08-20,22180269024,Roofing Services 2025 - ECT/OCS,180002095411,New Roof Installation,ENABLED,SEARCH_STANDARD,0.01,32,4,79.334772,0.0,0.0,19.833693
2025-08-21,22180269024,Roofing Services 2025 - ECT/OCS,174397650916,Roof Repairs,PAUSED,SEARCH_STANDARD,0.01,19,0,0.0,0.0,0.0,
2025-08-21,22180269024,Roofing Services 2025 - ECT/OCS,175978645804,Local Roofing Contractors,ENABLED,SEARCH_STANDARD,0.01,38,3,71.241166,0.5,0.5,23.747055333333332
2025-08-21,22180269024,Roofing Services 2025 - ECT/OCS,177405346074,Roof Inspections & Estimates,PAUSED,SEARCH_STANDARD,0.01,29,2,27.57,0.0,0.0,13.785
2025-08-21,22180269024,Roofing Services 2025 - ECT/OCS,180002095411,New Roof Installation,ENABLED,SEARCH_STANDARD,0.01,25,2,56.52659,0.0,0.0,28.263295
2025-08-22,22180269024,Roofing Services 2025 - ECT/OCS,174397650916,Roof Repairs,PAUSED,SEARCH_STANDARD,0.01,59,2,28.495729,1.0,1.0,14.2478645
2025-08-22,22180269024,Roofing Services 2025 - ECT/OCS,175978645804,Local Roofing Contractors,ENABLED,SEARCH_STANDARD,0.01,91,1,5.75,0.0,0.0,5.75
2025-08-22,22180269024,Roofing Services 2025 - ECT/OCS,177405346074,Roof Inspections & Estimates,PAUSED,SEARCH_STANDARD,0.01,42,0,0.0,0.0,0.0,
2025-08-22,22180269024,Roofing Services 2025 - ECT/OCS,180002095411,New Roof Installation,ENABLED,SEARCH_STANDARD,0.01,37,3,56.917872,1.0,1.0,18.972624
2025-08-23,22180269024,Roofing Services 2025 - ECT/OCS,174397650916,Roof Repairs,PAUSED,SEARCH_STANDARD,0.01,42,1,10.06,0.0,0.0,10.06
2025-08-23,22180269024,Roofing Services 2025 - ECT/OCS,175978645804,Local Roofing Contractors,ENABLED,SEARCH_STANDARD,0.01,52,2,6.15,0.0,0.0,3.075
2025-08-23,22180269024,Roofing Services 2025 - ECT/OCS,177405346074,Roof Inspections & Estimates,PAUSED,SEARCH_STANDARD,0.01,22,0,0.0,0.0,0.0,
2025-08-23,22180269024,Roofing Services 2025 - ECT/OCS,180002095411,New Roof Installation,ENABLED,SEARCH_STANDARD,0.01,25,0,0.0,0.0,0.0,
2025-08-24,22180269024,Roofing Services 2025 - ECT/OCS,175978645804,Local Roofing Contractors,ENABLED,SEARCH_STANDARD,0.01,27,0,0.0,0.0,0.0,
2025-08-24,22180269024,Roofing Services 2025 - ECT/OCS,177405346074,Roof Inspections & Estimates,PAUSED,SEARCH_STANDARD,0.01,34,2,6.53085,0.0,0.0,3.265425
2025-08-24,22180269024,Roofing Services 2025 - ECT/OCS,180002095411,New Roof Installation,ENABLED,SEARCH_STANDARD,0.01,28,3,34.3,0.0,0.0,11.433333333333334
2025-08-25,22180269024,Roofing Services 2025 - ECT/OCS,175978645804,Local Roofing Contractors,ENABLED,SEARCH_STANDARD,0.01,79,3,76.29592,0.0,0.0,25.43197333333333
2025-08-25,22180269024,Roofing Services 2025 - ECT/OCS,177405346074,Roof Inspections & Estimates,PAUSED,SEARCH_STANDARD,0.01,34,3,33.546836,0.0,0.0,11.182278666666667
2025-08-25,22180269024,Roofing Services 2025 - ECT/OCS,180002095411,New Roof Installation,ENABLED,SEARCH_STANDARD,0.01,73,3,89.619313,1.0,1.0,29.87310433333333
2025-08-26,22180269024,Roofing Services 2025 - ECT/OCS,175978645804,Local Roofing Contractors,ENABLED,SEARCH_STANDARD,0.01,123,5,88.699812,1.0,11.0,17.7399624
2025-08-26,22180269024,Roofing Services 2025 - ECT/OCS,177405346074,Roof Inspections & Estimates,PAUSED,SEARCH_STANDARD,0.01,49,4,22.98,0.0,0.0,5.745
2025-08-26,22180269024,Roofing Services 2025 - ECT/OCS,180002095411,New Roof Installation,ENABLED,SEARCH_STANDARD,0.01,88,2,33.48,0.0,0.0,16.74
2025-08-27,22180269024,Roofing Services 2025 - ECT/OCS,175978645804,Local Roofing Contractors,ENABLED,SEARCH_STANDARD,0.01,62,2,27.78,0.0,0.0,13.89
2025-08-27,22180269024,Roofing Services 2025 - ECT/OCS,177405346074,Roof Inspections & Estimates,PAUSED,SEARCH_STANDARD,0.01,36,1,8.63,0.0,0.0,8.63
2025-08-27,22180269024,Roofing Services 2025 - ECT/OCS,180002095411,New Roof Installation,ENABLED,SEARCH_STANDARD,0.01,43,6,68.413692,0.0,0.0,11.402282
2025-10-08,22180269024,Roofing Services 2025 - ECT/OCS,175978645804,Local Roofing Contractors,ENABLED,SEARCH_STANDARD,0.01,1,0,0.0,0.0,0.0,
2025-10-09,22180269024,Roofing Services 2025 - ECT/OCS,175978645804,Local Roofing Contractors,ENABLED,SEARCH_STANDARD,0.01,4,0,0.0,0.0,0.0,
2025-10-09,22180269024,Roofing Services 2025 - ECT/OCS,180002095411,New Roof Installation,ENABLED,SEARCH_STANDARD,0.01,3,0,0.0,0.0,0.0,
2025-10-10,22180269024,Roofing Services 2025 - ECT/OCS,175978645804,Local Roofing Contractors,ENABLED,SEARCH_STANDARD,0.01,17,0,0.0,0.0,0.0,
2025-10-10,22180269024,Roofing Services 2025 - ECT/OCS,180002095411,New Roof Installation,ENABLED,SEARCH_STANDARD,0.01,25,0,0.0,0.0,0.0,
2025-10-11,22180269024,Roofing Services 2025 - ECT/OCS,175978645804,Local Roofing Contractors,ENABLED,SEARCH_STANDARD,0.01,24,0,0.0,0.0,0.0,
2025-10-11,22180269024,Roofing Services 2025 - ECT/OCS,180002095411,New Roof Installation,ENABLED,SEARCH_STANDARD,0.01,38,2,4.66,0.0,0.0,2.33
2025-10-12,22180269024,Roofing Services 2025 - ECT/OCS,175978645804,Local Roofing Contractors,ENABLED,SEARCH_STANDARD,0.01,64,0,0.0,0.0,0.0,
2025-10-12,22180269024,Roofing Services 2025 - ECT/OCS,180002095411,New Roof Installation,ENABLED,SEARCH_STANDARD,0.01,69,0,0.0,0.0,0.0,
2025-10-13,22180269024,Roofing Services 2025 - ECT/OCS,175978645804,Local Roofing Contractors,ENABLED,SEARCH_STANDARD,0.01,29,2,22.74,0.0,0.0,11.37
2025-10-13,22180269024,Roofing Services 2025 - ECT/OCS,180002095411,New Roof Installation,ENABLED,SEARCH_STANDARD,0.01,41,8,177.231662,0.0,0.0,22.15395775
2025-10-14,22180269024,Roofing Services 2025 - ECT/OCS,175978645804,Local Roofing Contractors,ENABLED,SEARCH_STANDARD,0.01,130,2,17.11,0.0,0.0,8.555
2025-10-14,22180269024,Roofing Services 2025 - ECT/OCS,180002095411,New Roof Installation,ENABLED,SEARCH_STANDARD,0.01,194,6,181.814144,0.0,0.0,30.302357333333333
2025-10-15,22180269024,Roofing Services 2025 - ECT/OCS,175978645804,Local Roofing Contractors,ENABLED,SEARCH_STANDARD,0.01,149,5,77.393984,0.0,0.0,15.478796800000001
2025-10-15,22180269024,Roofing Services 2025 - ECT/OCS,180002095411,New Roof Installation,ENABLED,SEARCH_STANDARD,0.01,245,6,122.42,0.0,0.0,20.403333333333332
